Customer_ID,Customer_Name,Segment,City,Region
CUST-1,MR. JON YANG,Home Office,Hyderabad,North
CUST-2,MR. EUGENE HUANG,Home Office,Delhi,East
CUST-3,MR. RUBEN TORRES,Corporate,Delhi,South
CUST-4,MS. CHRISTY ZHU,Corporate,Kolkata,East
CUST-5,MRS. ELIZABETH JOHNSON,Home Office,Kolkata,East
CUST-6,MR. JULIO RUIZ,Corporate,Pune,North
CUST-7,MR. MARCO MEHTA,Consumer,Hyderabad,North
CUST-8,MRS. ROBIN VERHOFF,Corporate,Hyderabad,East
CUST-9,MR. SHANNON CARLSON,Consumer,Chennai,East
CUST-10,MS. JACQUELYN SUAREZ,Home Office,Delhi,North
CUST-11,MR. CURTIS LU,Corporate,Delhi,East
CUST-12,MRS. LAUREN WALKER,Home Office,Hyderabad,North
CUST-13,MR. IAN JENKINS,Home Office,Ahmedabad,North
CUST-14,MRS. SYDNEY BENNETT,Consumer,Delhi,South
CUST-15,MS. CHLOE YOUNG,Corporate,Chennai,South
CUST-16,MR. WYATT HILL,Corporate,Chennai,North
CUST-17,MRS. SHANNON WANG,Consumer,Ahmedabad,West
CUST-18,MR. CLARENCE RAI,Corporate,Delhi,North
CUST-19,MR. LUKE LAL,Corporate,Mumbai,South
CUST-20,MR. JORDAN KING,Home Office,Ahmedabad,East
CUST-21,MS. DESTINY WILSON,Corporate,Kolkata,North
CUST-22,MR. ETHAN ZHANG,Corporate,Bangalore,South
CUST-23,MR. SETH EDWARDS,Home Office,Delhi,South
CUST-24,MR. RUSSELL XIE,Home Office,Hyderabad,West
CUST-25, MR. ALEJANDRO BECK,Home Office,Mumbai,South
CUST-26,MR. HAROLD SAI,Consumer,Bangalore,East
CUST-27,MR. JESSIE ZHAO,Corporate,Ahmedabad,East
CUST-28,MRS. JILL JIMENEZ,Home Office,Chennai,East
CUST-29,MR. JIMMY MORENO,Consumer,Mumbai,North
CUST-30,MRS. BETHANY YUAN,Home Office,Kolkata,West
CUST-31,MRS. THERESA RAMOS,Home Office,Chennai,South
CUST-32,MRS. DENISE STONE,Home Office,Mumbai,North
CUST-33,MR. JAIME NATH,Consumer,Mumbai,North
CUST-34,MRS. EBONY GONZALEZ,Consumer,Chennai,South
CUST-35,MR.  WENDY DOMINGUEZ,Corporate,Ahmedabad,North
CUST-36,MS. JENNIFER RUSSELL,Home Office,Kolkata,East
CUST-37,MS. CHLOE GARCIA,Consumer,Chennai,South
CUST-38,MRS. DIANA HERNANDEZ,Home Office,Pune,North
CUST-39,MR. MARC MARTIN,Corporate,Chennai,North
CUST-40,MR. JESSE MURPHY,Home Office,Chennai,North
CUST-41,MS. AMANDA CARTER,Corporate,Kolkata,East
CUST-42,MS. MEGAN SANCHEZ,Corporate,Kolkata,North
CUST-43,MR. NATHAN SIMMONS,Corporate,Pune,West
CUST-44,MR. ADAM FLORES,Corporate,Ahmedabad,West
CUST-45,MR. LEONARD NARA,Consumer,Chennai,North
CUST-46,MRS. CHRISTINE YUAN,Consumer,Hyderabad,South
CUST-47,MRS. JACLYN LU,Corporate,Bangalore,North
CUST-48,MR. JEREMY POWELL,Corporate,Ahmedabad,North
CUST-49,MS. CAROL RAI,Home Office,Mumbai,East
CUST-50,MR. ALAN ZHENG,Consumer,Hyderabad,North
CUST-51,MR. DANIEL JOHNSON,Consumer,Ahmedabad,East
CUST-52,MRS. HEIDI LOPEZ,Consumer,Pune,West
CUST-53,MS. ANA PRICE,Corporate,Ahmedabad,East
CUST-54,MRS. DEANNA MUNOZ,Home Office,Hyderabad,South
CUST-55,MR. GILBERT RAJE,Consumer,Kolkata,East
CUST-56,MRS. MICHELE NATH,Consumer,Mumbai,South
CUST-57,MR. CARL ANDERSEN,Home Office,Chennai,North
CUST-58,MR. MARC DIAZ,Home Office,Hyderabad,East
CUST-59,MRS. ASHLEE ANDERSEN,Consumer,Pune,South
CUST-60,MR. JON ZHOU,Corporate,Kolkata,West
CUST-61,MR. TODD GAO,Corporate,Kolkata,North
CUST-62,MR. NOAH POWELL,Corporate,Ahmedabad,North
CUST-63,MS. ANGELA MURPHY,Consumer,Mumbai,North
CUST-64,MR. CHASE REED,Home Office,Bangalore,North
CUST-65,MS. JESSICA HENDERSON,Corporate,Hyderabad,West
CUST-66,MS. GRACE BUTLER,Consumer,Mumbai,North
CUST-67,MR. CALEB CARTER,Home Office,Bangalore,East
CUST-68,MRS. TIFFANY LIANG,Corporate,Ahmedabad,South
CUST-69,MRS. CAROLYN NAVARRO,Corporate,Mumbai,South
CUST-70,MR. WILLIE RAJI,Home Office,Kolkata,East
CUST-71,MRS. LINDA SERRANO,Home Office,Mumbai,South
CUST-72,MRS. CASEY LUO,Home Office,Kolkata,South
CUST-73,MRS. AMY YE,Consumer,Pune,North
CUST-74,MR. LEVI ARUN,Home Office,Ahmedabad,East
CUST-75,MRS. FELICIA JIMENEZ,Home Office,Ahmedabad,West
CUST-76,MR. BLAKE ANDERSON,Consumer,Bangalore,West
CUST-77,MRS. LEAH YE,Corporate,Chennai,South
CUST-78,MS. GINA MARTIN,Home Office,Ahmedabad,East
CUST-79,MR. DONALD GONZALEZ,Home Office,Delhi,West
CUST-80,MR. DAMIEN CHANDER,Corporate,Delhi,East
CUST-81,MRS. SAVANNAH BAKER,Home Office,Bangalore,West
CUST-82,MR. ANGELA BUTLER,Corporate,Pune,West
CUST-83,MS. ALYSSA COX,Corporate,Mumbai,West
CUST-84,MR. LUCAS PHILLIPS,Corporate,Chennai,South
CUST-85,MRS. EMILY JOHNSON,Home Office,Delhi,North
CUST-86,MR. RYAN BROWN,Home Office,Mumbai,South
CUST-87,MRS. TAMARA LIANG,Corporate,Delhi,East
CUST-88,MRS. ABIGAIL PRICE,Consumer,Chennai,West
CUST-89,MR. TREVOR BRYANT,Home Office,Delhi,East
CUST-90,MR. DALTON PEREZ,Corporate,Delhi,South
CUST-91,MRS. CHERYL DIAZ,Home Office,Ahmedabad,North
CUST-92,MS. AIMEE HE,Home Office,Ahmedabad,East
CUST-93,MR. CEDRIC MA,Corporate,Delhi,West
CUST-94,MR. CHAD KUMAR,Consumer,Hyderabad,South
CUST-95,MR. ANDRÉS ANAND,Home Office,Delhi,West
CUST-96,MR. EDWIN NARA,Consumer,Pune,North
CUST-97,MRS. MALLORY RUBIO,Corporate,Delhi,North
CUST-98,MR. ADAM ROSS,Home Office,Kolkata,North
CUST-99,MRS. LATASHA NAVARRO,Corporate,Mumbai,South
CUST-100,MS. ABBY SAI,Consumer,Kolkata,East
CUST-101,MRS. JULIA NELSON,Home Office,Hyderabad,South
CUST-102,MS. CASSIE CHANDE,Consumer,Chennai,North
CUST-103,MR. EDGAR SARA,Home Office,Ahmedabad,East
CUST-104,MS. CANDACE FERNANDEZ,Consumer,Mumbai,West
CUST-105,MR. JESSIE LIU,Consumer,Ahmedabad,North
CUST-106,MRS. BIANCA LIN,Consumer,Delhi,East
CUST-107,MS. KARI ALVAREZ,Consumer,Delhi,South
CUST-108,MR. RUBEN KAPOOR,Home Office,Pune,East
CUST-109,MR. CURTIS YANG,Home Office,Ahmedabad,East
CUST-110,MRS. MEREDITH GUTIERREZ,Home Office,Chennai,North
CUST-111,MRS. CRYSTAL WANG,Consumer,Ahmedabad,West
CUST-112,MR. MICHEAL BLANCO,Home Office,Kolkata,South
CUST-113,MRS. LESLIE MORENO,Corporate,Chennai,East
CUST-114,MR. ALVIN CAI,Home Office,Mumbai,West
CUST-115,MR. CLINTON CARLSON,Home Office,Kolkata,South
CUST-116,MRS. APRIL DENG,Corporate,Chennai,South
CUST-117,MR. ALVIN ZENG,Consumer,Ahmedabad,South
CUST-118,MR. EVAN JAMES,Corporate,Ahmedabad,North
CUST-119,MR. ORLANDO SUAREZ,Home Office,Kolkata,North
CUST-120,MR. BYRON VAZQUEZ,Consumer,Mumbai,North
CUST-121,MR. PHILIP ALVAREZ,Home Office,Kolkata,North
CUST-122,MR. ROSS JORDAN,Corporate,Pune,West
CUST-123,MRS. DANA NAVARRO,Corporate,Kolkata,South
CUST-124,MR. SHAUN CARSON,Consumer,Hyderabad,North
CUST-125,MS. JAN EDWARDS,Consumer,Kolkata,South
CUST-126,MS. SAMANTHA LONG,Home Office,Pune,North
CUST-127,MS. JULIA WRIGHT,Home Office,Ahmedabad,West
CUST-128,MS. CAROLINE RUSSELL,Consumer,Pune,East
CUST-129,MS. AMANDA RIVERA,Home Office,Delhi,North
CUST-130,MS. MELISSA RICHARDSON,Home Office,Bangalore,South
CUST-131,MS. ANGELA GRIFFIN,Consumer,Kolkata,East
CUST-132,MR. LARRY TOWNSEND,Home Office,Ahmedabad,North
CUST-133,MR. MARCUS HARRIS,Consumer,Delhi,West
CUST-134,MS. BRIANNA MORGAN,Consumer,Pune,East
CUST-135,MS. JASMINE TAYLOR,Consumer,Chennai,North
CUST-136,MS. LAUREN DAVIS,Corporate,Mumbai,West
CUST-137,MRS. TANYA MORENO,Home Office,Ahmedabad,West
CUST-138,MR. JAVIER ALVAREZ,Home Office,Chennai,South
CUST-139,MS. NICOLE RAMIREZ,Corporate,Kolkata,North
CUST-140,MR. EDUARDO PATTERSON,Consumer,Ahmedabad,South
CUST-141,MR. JONATHAN HENDERSON,Consumer,Hyderabad,West
CUST-142,MR. EDWARD HERNANDEZ,Home Office,Kolkata,East
CUST-143,MS. JASMINE COLEMAN,Corporate,Ahmedabad,West
CUST-144,MRS. KARLA GOEL,Corporate,Pune,North
CUST-145,MR. ERNEST WU,Home Office,Mumbai,West
CUST-146,MR. ROSS VAZQUEZ,Home Office,Mumbai,South
CUST-147,MR. THEODORE GILL,Home Office,Chennai,South
CUST-148,MR. RUSSELL SHEN,Consumer,Chennai,West
CUST-149,MRS. MELINDA GILL,Home Office,Mumbai,East
CUST-150,MR. JAMES WILLIAMS,Corporate,Pune,East
CUST-151,MS. ANGELA JAMES,Consumer,Pune,North
CUST-152,MS. MEGAN WALKER,Home Office,Hyderabad,South
CUST-153,MR. HUNTER ROBINSON,Consumer,Kolkata,North
CUST-154,MS. MARIA ROBERTS,Consumer,Ahmedabad,South
CUST-155,MS. HANNAH LONG,Home Office,Delhi,West
CUST-156,MR. JASON WRIGHT,Home Office,Pune,South
CUST-157,MS. BRIANNA HUGHES,Corporate,Mumbai,North
CUST-158,MR. MAURICE TANG,Corporate,Kolkata,South
CUST-159,MS. EMILY WOOD,Corporate,Mumbai,West
CUST-160,MR. CHASE COX,Consumer,Pune,South
CUST-161,MR. GABRIEL WANG,Home Office,Bangalore,North
CUST-162,MR. DEVIN BROOKS,Consumer,Delhi,West
CUST-163,MS. JOCELYN ALEXANDER,Corporate,Ahmedabad,South
CUST-164,MS. ASHLEY MARTINEZ,Consumer,Bangalore,West
CUST-165,MS. JASMINE BARNES,Consumer,Ahmedabad,North
CUST-166,MR. DAVID RODRIGUEZ,Consumer,Kolkata,West
CUST-167,MR. BRYCE RICHARDSON,Consumer,Mumbai,East
CUST-168,MRS. CAROL HOWARD,Home Office,Hyderabad,West
CUST-169,MR. JONATHAN HILL,Consumer,Ahmedabad,North
CUST-170,MRS. GABRIELLE ADAMS,Consumer,Mumbai,East
CUST-171,MS. SARAH THOMAS,Corporate,Hyderabad,West
CUST-172,MR. NICHOLAS ROBINSON,Consumer,Chennai,South
CUST-173,MR. LUIS WANG,Home Office,Mumbai,South
CUST-174,MR. MASON ROBERTS,Consumer,Ahmedabad,West
CUST-175,MR. JOSE FLORES,Corporate,Mumbai,South
CUST-176,MR. NATHAN JOHNSON,Home Office,Kolkata,East
CUST-177,MRS. MOLLY RODRIGUEZ,Consumer,Chennai,North
CUST-178,MRS. APRIL ANAND,Home Office,Kolkata,East
CUST-179,MR. DEVIN MARTIN,Corporate,Hyderabad,North
CUST-180,MRS. STEPHANIE TORRES,Corporate,Mumbai,North
CUST-181,MRS. JASMINE LEE,Corporate,Delhi,South
CUST-182,MRS. MEGHAN HERNANDEZ,Consumer,Delhi,North
CUST-183,MRS. ASHLEY HENDERSON,Consumer,Mumbai,East
CUST-184,MRS. SARAH PRICE,Consumer,Pune,West
CUST-185,MRS. JENNIFER COOPER,Corporate,Chennai,South
CUST-186,MRS. CATHERINE MORRIS,Consumer,Delhi,East
CUST-187,MR. CARSON BRYANT,Home Office,Mumbai,East
CUST-188,MRS. KRISTI PEREZ,Home Office,Pune,North
CUST-189,MR. JAMES BROWN,Home Office,Mumbai,North
CUST-190,MR. IAN GRAY,Corporate,Ahmedabad,East
CUST-191,MRS. JACQUELINE PRICE,Home Office,Bangalore,West
CUST-192,MRS. MEGAN HENDERSON,Home Office,Delhi,South
CUST-193,MR. ALFREDO ROMERO,Corporate,Hyderabad,West
CUST-194,MRS. ANDREA MORRIS,Consumer,Delhi,South
CUST-195,MRS. BROOKE SANDERS,Consumer,Hyderabad,East
CUST-196,MRS. JACQUELINE BENNETT,Consumer,Hyderabad,South
CUST-197,MR. JASON GRIFFIN,Corporate,Kolkata,East
CUST-198,MRS. AMANDA FOSTER,Home Office,Ahmedabad,South
CUST-199,MRS. ALEXIA PRICE,Consumer,Ahmedabad,South
CUST-200,MR. LUIS DIAZ,Home Office,Ahmedabad,North
CUST-201,MRS. ABBY FERNANDEZ,Home Office,Hyderabad,North
CUST-202,MR. BLAKE FLORES,Home Office,Delhi,East
CUST-203,MRS. DANIELLE COX,Corporate,Delhi,South
CUST-204,MRS. MARIA REED,Corporate,Kolkata,East
CUST-205,MRS. ALLISON EVANS,Home Office,Kolkata,East
CUST-206,MR. EDWARD WOOD,Corporate,Pune,North
CUST-207,MRS. SAMANTHA RUSSELL,Consumer,Hyderabad,North
CUST-208,MRS. CHLOE CAMPBELL,Corporate,Hyderabad,East
CUST-209,MRS. STEPHANIE MURPHY,Consumer,Chennai,East
CUST-210,MR. CHARLES MILLER,Home Office,Delhi,North
CUST-211,MRS. ANA PERRY,Corporate,Delhi,East
CUST-212,MRS. JASMINE TORRES,Home Office,Hyderabad,North
CUST-213,MRS. NATALIE ADAMS,Home Office,Ahmedabad,North
CUST-214,MRS. OLIVIA BROWN,Consumer,Delhi,South
CUST-215,MR. CHARLES COOK,Corporate,Chennai,South
CUST-216,MRS. ERICA HUANG,Corporate,Chennai,North
CUST-217,MR. NATHAN PERRY,Consumer,Ahmedabad,West
CUST-218,MRS. ALEXANDRA RIVERA,Corporate,Delhi,North
CUST-219,MRS. HAILEY PATTERSON,Corporate,Mumbai,South
CUST-220,MRS. TIFFANY LI,Home Office,Ahmedabad,East
CUST-221,MRS. SYDNEY ROSS,Corporate,Kolkata,North
CUST-222,MR. MARSHALL CHAVEZ,Corporate,Bangalore,South
CUST-223,MRS. ASHLEY JONES,Home Office,Delhi,South
CUST-224,MR. ADRIAN STEWART,Home Office,Hyderabad,West
CUST-225,MRS. AMBER TURNER,Home Office,Mumbai,South
CUST-226,MR. DENNIS ZHANG,Consumer,Bangalore,East
CUST-227,MRS. HAILEY BRYANT,Corporate,Ahmedabad,East
CUST-228,MR. TODD LI,Home Office,Chennai,East
CUST-229,MR. ANNA GRIFFIN,Consumer,Mumbai,North
CUST-230,MR. ANGEL STEWART,Home Office,Kolkata,West
CUST-231,MR. JEREMY BUTLER,Home Office,Chennai,South
CUST-232,MR. CLARENCE ANAND,Home Office,Mumbai,North
CUST-233,MRS. MAYRA PRASAD,Consumer,Mumbai,North
CUST-234,MRS. LATOYA GOEL,Consumer,Chennai,South
CUST-235,MRS. ANNE HERNANDEZ,Corporate,Ahmedabad,North
CUST-236,MRS. LISA CAI,Home Office,Kolkata,East
CUST-237,MR. LARRY MUNOZ,Consumer,Chennai,South
CUST-238,MRS. ROBIN ALVAREZ,Home Office,Pune,North
CUST-239,MRS. ALEXIS COLEMAN,Corporate,Chennai,North
CUST-240,MR. RICKY VAZQUEZ,Home Office,Chennai,North
CUST-241,MRS. CLAUDIA ZHOU,Corporate,Kolkata,East
CUST-242,MR. TRISTAN ALEXANDER,Corporate,Kolkata,North
CUST-243,MRS. CINDY PATEL,Corporate,Pune,West
CUST-244,MRS. SHANNON LIU,Corporate,Ahmedabad,West
CUST-245,MR. XAVIER LONG,Consumer,Chennai,North
CUST-246,MR. NICHOLAS THOMPSON,Consumer,Hyderabad,South
CUST-247,MR. JOSÉ HERNANDEZ,Corporate,Bangalore,North
CUST-248,MR. JOHNATHAN VANCE,Corporate,Ahmedabad,North
CUST-249,MR. COLIN LIN,Home Office,Mumbai,East
CUST-250,MRS. KATELYN HERNANDEZ,Consumer,Hyderabad,North
CUST-251,MRS. JACQUELINE POWELL,Consumer,Ahmedabad,East
CUST-252,MR. XAVIER HILL,Consumer,Pune,West
CUST-253,MRS. VICTORIA STEWART,Corporate,Ahmedabad,East
CUST-254,MRS. KATELYN KELLY,Home Office,Hyderabad,South
CUST-255,MRS. STEPHANIE COLLINS,Consumer,Kolkata,East
CUST-256,MRS. JENNIFER SIMMONS,Consumer,Mumbai,South
CUST-257,MRS. TRINITY RICHARDSON,Home Office,Chennai,North
CUST-258,MR. EDUARDO MARTIN,Home Office,Hyderabad,East
CUST-259,MRS. ELIZABETH JONES,Consumer,Pune,South
CUST-260,MS. TAYLOR HOWARD,Corporate,Kolkata,West
CUST-261,MR. DAVID DIAZ,Corporate,Kolkata,North
CUST-262,MRS. KATELYN CARTER,Corporate,Ahmedabad,North
CUST-263,MR. RYAN FOSTER,Consumer,Mumbai,North
CUST-264,MR. ROBERT LEE,Home Office,Bangalore,North
CUST-265,MRS. DANIELLE REED,Corporate,Hyderabad,West
CUST-266,MRS. LAUREN MARTINEZ,Consumer,Mumbai,North
CUST-267,MR. NATHAN LAL,Home Office,Bangalore,East
CUST-268,MR. KYLE FOSTER,Corporate,Ahmedabad,South
CUST-269,MRS. JENNY RAI,Corporate,Mumbai,South
CUST-270,MRS. NANCY CHAPMAN,Home Office,Kolkata,East
CUST-271,MR. CHARLES JACKSON,Home Office,Mumbai,South
CUST-272,MR. JONATHAN PHILLIPS,Home Office,Kolkata,South
CUST-273,MS. AMANDA COOK,Consumer,Pune,North
CUST-274,MR. ROBERT COLLINS,Home Office,Ahmedabad,East
CUST-275,MRS. MEGAN BARNES,Home Office,Ahmedabad,West
CUST-276,MR. CHRISTIAN THOMAS,Consumer,Bangalore,West
CUST-277,MR. ARTURO LAL,Corporate,Chennai,South
CUST-278,MRS. THERESA SERRANO,Home Office,Ahmedabad,East
CUST-279,MR. JEREMY ANDERSON,Home Office,Delhi,West
CUST-280,MR. HUNTER GRIFFIN,Corporate,Delhi,East
CUST-281,MR. HENRY GARCIA,Home Office,Bangalore,West
CUST-282,MRS. CINDY SANCHEZ,Corporate,Pune,West
CUST-283,MRS. MARIA CARTER,Corporate,Mumbai,West
CUST-284,MRS. KATELYN SANCHEZ,Corporate,Chennai,South
CUST-285,MRS. JENNA WRIGHT,Home Office,Delhi,North
CUST-286,MR. SETH PHILLIPS,Home Office,Mumbai,South
CUST-287,MR. LUKE LONG,Corporate,Delhi,East
CUST-288,MR. DALTON CLARK,Consumer,Chennai,West
CUST-289,MRS. TAYLOR LEWIS,Home Office,Delhi,East
CUST-290,MRS. HALEY RICHARDSON,Corporate,Delhi,South
CUST-291,MR. NOAH COLEMAN,Home Office,Ahmedabad,North
CUST-292,MR. JON LUO,Home Office,Ahmedabad,East
CUST-293,MR. ORLANDO VAZQUEZ,Corporate,Delhi,West
CUST-294,MR. FERNANDO BARNES,Consumer,Hyderabad,South
CUST-295,MR. CAMERON RODRIGUEZ,Home Office,Delhi,West
CUST-296,MR. SPENCER RUSSELL,Consumer,Pune,North
CUST-297,MRS. JULIA COLEMAN,Corporate,Delhi,North
CUST-298,MS. JULIA GARCIA,Home Office,Kolkata,North
CUST-299,MR. SEAN EVANS,Corporate,Mumbai,South
CUST-300,MR. MICAH ZHOU,Consumer,Kolkata,East
CUST-301,MR. HUNTER RODRIGUEZ,Home Office,Hyderabad,South
CUST-302,MR. IAN GONZALES,Consumer,Chennai,North
CUST-303,MRS. VICTORIA LEWIS,Home Office,Ahmedabad,East
CUST-304,MRS. ERIN SANDERS,Consumer,Mumbai,West
CUST-305,MRS. GABRIELLE LOPEZ,Consumer,Ahmedabad,North
CUST-306,MRS. SARA RICHARDSON,Consumer,Delhi,East
CUST-307,MR. TREVOR JENKINS,Consumer,Delhi,South
CUST-308,MRS. HAILEY WARD,Home Office,Pune,East
CUST-309,MR. LUKE ALLEN,Home Office,Ahmedabad,East
CUST-310,MRS. VICTORIA RUSSELL,Home Office,Chennai,North
CUST-311,MRS. JESSICA WILSON,Consumer,Ahmedabad,West
CUST-312,MRS. JADE BAILEY,Home Office,Kolkata,South
CUST-313,MRS. MORGAN HILL,Corporate,Chennai,East
CUST-314,MR. TERRANCE RAMAN,Home Office,Mumbai,West
CUST-315,MRS. SYDNEY GARCIA,Home Office,Kolkata,South
CUST-316,MR. JOSE PATTERSON,Corporate,Chennai,South
CUST-317,MR. ZACHARY ANDERSON,Consumer,Ahmedabad,South
CUST-318,MR. ELIJAH ROSS,Corporate,Ahmedabad,North
CUST-319,MR. RAFAEL XIE,Home Office,Kolkata,North
CUST-320,MR. JAIME MORENO,Consumer,Mumbai,North
CUST-321,MR. JULIAN GRIFFIN,Home Office,Kolkata,North
CUST-322,MR. ANDY ALVAREZ,Corporate,Pune,West
CUST-323,MR. RYAN THOMPSON,Corporate,Kolkata,South
CUST-324,MRS. SAMANTHA JENKINS,Consumer,Hyderabad,North
CUST-325,MRS. DEANNA RAMOS,Consumer,Kolkata,South
CUST-326,MRS. EMILY MILLER,Home Office,Pune,North
CUST-327,MRS. NICOLE BROWN,Home Office,Ahmedabad,West
CUST-328,MRS. CARLA RAMAN,Consumer,Pune,East
CUST-329,MR. SHAUN RAJI,Home Office,Delhi,North
CUST-330,MR. JEROME ROMERO,Home Office,Bangalore,South
CUST-331,MR. FRANK NAVARRO,Consumer,Kolkata,East
CUST-332,MR. DENNIS SHE,Home Office,Ahmedabad,North
CUST-333,MRS. MELODY MUNOZ,Consumer,Delhi,West
CUST-334,MR. RANDY ZENG,Consumer,Pune,East
CUST-335,MR. MARSHALL WANG,Consumer,Chennai,North
CUST-336,MR. ARTHUR CARLSON,Corporate,Mumbai,West
CUST-337,MRS. JESSIE JIMENEZ,Home Office,Ahmedabad,West
CUST-338,MRS. ROBIN RAMOS,Home Office,Chennai,South
CUST-339,MRS. DEANNA GUTIERREZ,Corporate,Kolkata,North
CUST-340,MR. ROY NAVARRO,Consumer,Ahmedabad,South
CUST-341,MR. SHAWN RAI,Consumer,Hyderabad,West
CUST-342,MRS. MINDY LUO,Home Office,Kolkata,East
CUST-343,MRS. CARA ZHOU,Corporate,Ahmedabad,West
CUST-344,MRS. ANNE RAMOS,Corporate,Pune,North
CUST-345,MR. RAYMOND RODRIGUEZ,Home Office,Mumbai,West
CUST-346,MRS. CARRIE ORTEGA,Home Office,Mumbai,South
CUST-347,MRS. DEANNA SUAREZ,Home Office,Chennai,South
CUST-348,MR. ROBERTO GUTIERREZ,Consumer,Chennai,West
CUST-349,MR. TERRENCE CARSON,Home Office,Mumbai,East
CUST-350,MR. RAMON YE,Corporate,Pune,East
CUST-351,MS. CYNTHIA MALHOTRA,Consumer,Pune,North
CUST-352,MR. JARROD PRASAD,Home Office,Hyderabad,South
CUST-353,MR. TYRONE SERRANO,Consumer,Kolkata,North
CUST-354,MS. CINDY RAMOS,Consumer,Ahmedabad,South
CUST-355,MR. DAMIEN SHAN,Home Office,Delhi,West
CUST-356,MR. JULIAN ROSS,Home Office,Pune,South
CUST-357,MRS. BRITTNEY SUN,Corporate,Mumbai,North
CUST-358,MS. VIRGINIA PATEL,Corporate,Kolkata,South
CUST-359,MR. CALVIN NARA,Corporate,Mumbai,West
CUST-360,MR. EDWARD MILLER,Consumer,Pune,South
CUST-361,MS. ASHLEE TANG,Home Office,Bangalore,North
CUST-362,MS. ALICIA XU,Consumer,Delhi,West
CUST-363,MS. LACEY JAI,Corporate,Ahmedabad,South
CUST-364,MS. WENDY ROMERO,Consumer,Bangalore,West
CUST-365,MRS. CARLY LUO,Consumer,Ahmedabad,North
CUST-366,MR. JIMMY ORTEGA,Consumer,Kolkata,West
CUST-367,MR. FRANCISCO MARTINEZ,Consumer,Mumbai,East
CUST-368,MR. LANCE VAZQUEZ,Home Office,Hyderabad,West
CUST-369,MR. DAVID ROBINETT,Consumer,Ahmedabad,North
CUST-370,MRS. SHANNON LIANG,Consumer,Mumbai,East
CUST-371,MR. GARY VAZQUEZ,Corporate,Hyderabad,West
CUST-372,MR. MITCHELL KUMAR,Consumer,Chennai,South
CUST-373,MRS. MEREDITH RAMAN,Home Office,Mumbai,South
CUST-374,MR. EDWARD PATTERSON,Consumer,Ahmedabad,West
CUST-375,MRS. TIFFANY WANG,Corporate,Mumbai,South
CUST-376,MR. MIGUEL ALLEN,Home Office,Kolkata,East
CUST-377,MRS. MEGAN RAMIREZ,Consumer,Chennai,North
CUST-378,MR. JOSEPH MARTIN,Home Office,Kolkata,East
CUST-379,MR. KARL SHAN,Corporate,Hyderabad,North
CUST-380,MRS. CHRISTINE RAJI,Corporate,Mumbai,North
CUST-381,MRS. LINDSAY XIE,Corporate,Delhi,South
CUST-382,MR. WILLIE ZHAO,Consumer,Delhi,North
CUST-383,MR. KURT PAL,Consumer,Mumbai,East
CUST-384,MR. GEORGE MCDONALD,Consumer,Pune,West
CUST-385,MS. BETH GUTIERREZ,Corporate,Chennai,South
CUST-386,MR. IAN LOPEZ,Consumer,Delhi,East
CUST-387,MS. LATOYA SHAN,Home Office,Mumbai,East
CUST-388,MR. COLIN NATH,Home Office,Pune,North
CUST-389,MRS. BRENDA MEHTA,Home Office,Mumbai,North
CUST-390,MR. FRANKLIN RAJI,Corporate,Ahmedabad,East
CUST-391,MS. LINDA NAVARRO,Home Office,Bangalore,West
CUST-392,MS. KELLI CAI,Home Office,Delhi,South
CUST-393,MS. NANCY SCHMIDT,Corporate,Hyderabad,West
CUST-394,MRS. MEGAN TAYLOR,Consumer,Delhi,South
CUST-395,MRS. BONNIE GOEL,Consumer,Hyderabad,East
CUST-396,MRS. LATOYA XU,Consumer,Hyderabad,South
CUST-397,MR. MARIO SHE,Corporate,Kolkata,East
CUST-398,MR. DARREN GILL,Home Office,Ahmedabad,South
CUST-399,MRS. JACQUELINE HAYES,Consumer,Ahmedabad,South
CUST-400,MR. MAURICE GOEL,Home Office,Ahmedabad,North
CUST-401,MR. DEVIN ROSS,Home Office,Hyderabad,North
CUST-402,MRS. SYDNEY BRYANT,Home Office,Delhi,East
CUST-403,MRS. MEGAN STEWART,Corporate,Delhi,South
CUST-404,MR. IAN RICHARDSON,Corporate,Kolkata,East
CUST-405,MR. RANDY SHE,Home Office,Kolkata,East
CUST-406,MRS. KATRINA BECKER,Corporate,Pune,North
CUST-407,MRS. LACEY ZHENG,Consumer,Hyderabad,North
CUST-408,MR. RAFAEL HU,Corporate,Hyderabad,East
CUST-409,MR. KYLE SCOTT,Consumer,Chennai,East
CUST-410,MR. JORDAN TURNER,Home Office,Delhi,North
CUST-411,MRS. AMY SUN,Corporate,Delhi,East
CUST-412,MR. DUSTIN DENG,Home Office,Hyderabad,North
CUST-413,MRS. JASMINE STEWART,Home Office,Ahmedabad,North
CUST-414,MRS. PAMELA GARCIA,Consumer,Delhi,South
CUST-415,MRS. ARIANA GRAY,Corporate,Chennai,South
CUST-416,MR. KRISTOPHER MEHTA,Corporate,Chennai,North
CUST-417,MRS. DESIREE DOMINGUEZ,Consumer,Ahmedabad,West
CUST-418,MRS. DEANNA PEREZ,Corporate,Delhi,North
CUST-419,MR. MARCO LOPEZ,Corporate,Mumbai,South
CUST-420,MRS. CASEY YUAN,Home Office,Ahmedabad,East
CUST-421,MR. BRYANT GARCIA,Corporate,Kolkata,North
CUST-422,MRS. DOMINIQUE PRASAD,Corporate,Bangalore,South
CUST-423,MR. MAURICE SHAN,Home Office,Delhi,South
CUST-424,MR. ANDRE LOPEZ,Home Office,Hyderabad,West
CUST-425,MRS. ROBIN ROMERO,Home Office,Mumbai,South
CUST-426,MRS. TAYLOR COX,Consumer,Bangalore,East
CUST-427,MR. ALFREDO MORENO,Corporate,Ahmedabad,East
CUST-428,MRS. JENNY NARA,Home Office,Chennai,East
CUST-429,MRS. JANET MUNOZ,Consumer,Mumbai,North
CUST-430,MR. SERGIO WEBER,Home Office,Kolkata,West
CUST-431,MRS. ERIKA GOMEZ,Home Office,Chennai,South
CUST-432,MR. JOSEPH HARRIS,Home Office,Mumbai,North
CUST-433,MS. GRACE GRIFFIN,Consumer,Mumbai,North
CUST-434,MS. TINA MEHTA,Consumer,Chennai,South
CUST-435,MS. KARI KIM,Corporate,Ahmedabad,North
CUST-436,MS. BETHANY CHANDER,Home Office,Kolkata,East
CUST-437,MS. JENNIFER ROBERTS,Consumer,Chennai,South
CUST-438,MR. KYLE PATTERSON,Home Office,Pune,North
CUST-439,MR. ALVIN HU,Corporate,Chennai,North
CUST-440,MR. BRETT MEHTA,Home Office,Chennai,North
CUST-441,MR. RUBEN MUÑOZ,Corporate,Kolkata,East
CUST-442,MS. ERIKA RUBIO,Corporate,Kolkata,North
CUST-443,MR. STANLEY MALHOTRA,Corporate,Pune,West
CUST-444,MS. MELINDA NAVARRO,Corporate,Ahmedabad,West
CUST-445,MR. ROSS SANZ,Consumer,Chennai,North
CUST-446,MR. JON GAO,Consumer,Hyderabad,South
CUST-447,MS. JAIME GUTIERREZ,Corporate,Bangalore,North
CUST-448,MS. BIANCA LIU,Corporate,Ahmedabad,North
CUST-449,MS. TASHA DENG,Home Office,Mumbai,East
CUST-450,MR. MELVIN CHANDE,Consumer,Hyderabad,North
CUST-451,MR. VICTOR JIMENEZ,Consumer,Ahmedabad,East
CUST-452,MS. LAURA LIN,Consumer,Pune,West
CUST-453,MS. ALISHA BECK,Corporate,Ahmedabad,East
CUST-454,MR. ALEJANDRO HUANG,Home Office,Hyderabad,South
CUST-455,MR. LOUIS LUO,Consumer,Kolkata,East
CUST-456,MR. GRANT TANG,Consumer,Mumbai,South
CUST-457,MR. ARTURO ZHENG,Home Office,Chennai,North
CUST-458,MRS. JACLYN ANDERSEN,Home Office,Hyderabad,East
CUST-459,MR. EDWIN RAJI,Consumer,Pune,South
CUST-460,MR. JAY SUAREZ,Corporate,Kolkata,West
CUST-461,MS. LATASHA SUAREZ,Corporate,Kolkata,North
CUST-462,MR. KENNETH KUMAR,Corporate,Ahmedabad,North
CUST-463,MS. GRACE HENDERSON,Consumer,Mumbai,North
CUST-464,MR. MELVIN XU,Home Office,Bangalore,North
CUST-465,MR. CESAR SUBRAM,Corporate,Hyderabad,West
CUST-466,MRS. ERIKA NAVARRO,Consumer,Mumbai,North
CUST-467,MR. TRISTAN HUGHES,Home Office,Bangalore,East
CUST-468,MR. BILLY HERNANDEZ,Corporate,Ahmedabad,South
CUST-469,MR. DARRYL WU,Corporate,Mumbai,South
CUST-470,MRS. COLLEEN MA,Home Office,Kolkata,East
CUST-471,MRS. ERICA HU,Home Office,Mumbai,South
CUST-472,MS. ADRIENNE TORRES,Home Office,Kolkata,South
CUST-473,MR. CALVIN CHANDE,Consumer,Pune,North
CUST-474,MR. ERICK SAI,Home Office,Ahmedabad,East
CUST-475,MR. DONALD CHANDRA,Home Office,Ahmedabad,West
CUST-476,MS. ARIANA ROGERS,Consumer,Bangalore,West
CUST-477,MS. MORGAN JONES,Corporate,Chennai,South
CUST-478,MR. JERMAINE LOPEZ,Home Office,Ahmedabad,East
CUST-479,MS. DEBORAH GOEL,Home Office,Delhi,West
CUST-480,MR. DANNY RUBIO,Corporate,Delhi,East
CUST-481,MR. ANDRE PEREZ,Home Office,Bangalore,West
CUST-482,MR. TERRENCE CHANDER,Corporate,Pune,West
CUST-483,MRS. DAWN WU,Corporate,Mumbai,West
CUST-484,MR. FRANCIS JIMENEZ,Corporate,Chennai,South
CUST-485,MR. GARY ORTEGA,Home Office,Delhi,North
CUST-486,MRS. KATRINA NATH,Home Office,Mumbai,South
CUST-487,MR. PEDRO VANCE,Corporate,Delhi,East
CUST-488,MS. SARAH SIMMONS,Consumer,Chennai,West
CUST-489,MRS. BRANDY CHANDRA,Home Office,Delhi,East
CUST-490,MR. JARED PETERSON,Corporate,Delhi,South
CUST-491,MR. DENNIS WU,Home Office,Ahmedabad,North
CUST-492,MRS. JORDAN BAKER,Home Office,Ahmedabad,East
CUST-493,MS. JASMINE POWELL,Corporate,Delhi,West
CUST-494,MR. NICHOLAS BROWN,Consumer,Hyderabad,South
CUST-495,MS. ISABELLA RUSSELL,Home Office,Delhi,West
CUST-496,MS. ELIZABETH WILSON,Consumer,Pune,North
CUST-497,MRS. ROGER HARUI,Corporate,Delhi,North
CUST-498,MR. SETH ROBERTS,Home Office,Kolkata,North
CUST-499,MR. CALEB PERRY,Corporate,Mumbai,South
CUST-500,MRS. NATALIE CAMPBELL,Consumer,Kolkata,East
CUST-501,MRS. ALYSSA HOWARD,Home Office,Hyderabad,South
CUST-502,MR. DALTON DIAZ,Consumer,Chennai,North
CUST-503,MRS. SHANNON HUANG,Home Office,Ahmedabad,East
CUST-504,MRS. MYA GONZALES,Consumer,Mumbai,West
CUST-505,MRS. KATHERINE BRYANT,Consumer,Ahmedabad,North
CUST-506,MR. EDWARD WASHINGTON,Consumer,Delhi,East
CUST-507,MRS. JADA MORGAN,Consumer,Delhi,South
CUST-508,MRS. ARIANA PETERSON,Home Office,Pune,East
CUST-509,MR. CHRISTIAN HUGHES,Home Office,Ahmedabad,East
CUST-510,MR. LUCAS TAYLOR,Home Office,Chennai,North
CUST-511,MRS. ALYSSA JACKSON,Consumer,Ahmedabad,West
CUST-512,MRS. ARIANA COOK,Home Office,Kolkata,South
CUST-513, KATHERINE DIAZ,Corporate,Chennai,East
CUST-514,MRS. JENNA GREEN,Home Office,Mumbai,West
CUST-515,MRS. JOAN WASHINGTON,Home Office,Kolkata,South
CUST-516,MR. AUSTIN BRYANT,Corporate,Chennai,South
CUST-517,MR. ANDREW MARTINEZ,Consumer,Ahmedabad,South
CUST-518,MRS. NINA YUAN,Corporate,Ahmedabad,North
CUST-519,MRS. LAUREN MILLER,Home Office,Kolkata,North
CUST-520,MRS. EBONY GILL,Consumer,Mumbai,North
CUST-521,MR. CAMERON LEWIS,Home Office,Kolkata,North
CUST-522,MR. DEVIN NELSON,Corporate,Pune,West
CUST-523,MR. LOGAN CHOW,Corporate,Kolkata,South
CUST-524,MR. DAKOTA ROSS,Consumer,Hyderabad,North
CUST-525,MRS. NICOLE TAYLOR,Consumer,Kolkata,South
CUST-526,MR. JUSTIN WASHINGTON,Home Office,Pune,North
CUST-527,MR. ALBERTO NAVARRO,Home Office,Ahmedabad,West
CUST-528,MR. AIDAN ROSS,Consumer,Pune,East
CUST-529,MR. ALEJANDRO TANG,Home Office,Delhi,North
CUST-530,MRS. SHEENA CHANDE,Home Office,Bangalore,South
CUST-531,MR. JOEL GARCIA,Consumer,Kolkata,East
CUST-532,MR. REGINALD DOMINGUEZ,Home Office,Ahmedabad,North
CUST-533,MRS. CHRISTINE CHANDE,Consumer,Delhi,West
CUST-534,MS. CINDY SAI,Consumer,Pune,East
CUST-535,MS. CRYSTAL LIANG,Consumer,Chennai,North
CUST-536,MS. DEB TORRES,Corporate,Mumbai,West
CUST-537,MR. SHANNON ALVAREZ,Home Office,Ahmedabad,West
CUST-538,MR. EDDIE RUBIO,Home Office,Chennai,South
CUST-539,MRS. SHARON LUO,Corporate,Kolkata,North
CUST-540,MRS. SYDNEY SIMMONS,Consumer,Ahmedabad,South
CUST-541,MRS. ALEXANDRIA HENDERSON,Consumer,Hyderabad,West
CUST-542,MR. LUCAS EVANS,Home Office,Kolkata,East
CUST-543,MRS. FELICIA RAMOS,Corporate,Ahmedabad,West
CUST-544,MR. IVAN MALHOTRA,Corporate,Pune,North
CUST-545,MR. FREDERICK SUBRAM,Home Office,Mumbai,West
CUST-546,MRS. WHITNEY SRINI,Home Office,Mumbai,South
CUST-547,MRS. BRIANA DOMINGUEZ,Home Office,Chennai,South
CUST-548,MR. JARROD GONZALEZ,Consumer,Chennai,West
CUST-549,MR. CESAR SRINI,Home Office,Mumbai,East
CUST-550,MR. JORGE LIANG,Corporate,Pune,East
CUST-551,MR. ERIK DIAZ,Consumer,Pune,North
CUST-552,MS. APRIL SHAN,Home Office,Hyderabad,South
CUST-553,MS. CARLA PEREZ,Consumer,Kolkata,North
CUST-554,MRS. ALEXIA FOSTER,Consumer,Ahmedabad,South
CUST-555,MR. TROY MALHOTRA,Home Office,Delhi,West
CUST-556,MRS. KRISTIN ANDERSEN,Home Office,Pune,South
CUST-557,MR. JOEL SAI,Corporate,Mumbai,North
CUST-558,MR. BILLY MORENO,Corporate,Kolkata,South
CUST-559,MRS. MEAGAN SUBRAM,Corporate,Mumbai,West
CUST-560,MRS. KARLA LUO,Consumer,Pune,South
CUST-561,MR. JACKSON CAMPBELL,Home Office,Bangalore,North
CUST-562,MR. MICAH ZHU,Consumer,Delhi,West
CUST-563,MRS. JANET SERRANO,Corporate,Ahmedabad,South
CUST-564,MRS. TRISHA HUANG,Consumer,Bangalore,West
CUST-565,MR. CLAYTON BECK,Consumer,Ahmedabad,North
CUST-566,MR. MELVIN RAJE,Consumer,Kolkata,West
CUST-567,MS. CINDY JORDAN,Consumer,Mumbai,East
CUST-568,MRS. CLAUDIA MA,Home Office,Hyderabad,West
CUST-569,MRS. KARLA XU,Consumer,Ahmedabad,North
CUST-570,MR. DEVIN CARTER,Consumer,Mumbai,East
CUST-571,MRS. KARI PEREZ,Corporate,Hyderabad,West
CUST-572,MR. ALBERTO ROMERO,Consumer,Chennai,South
CUST-573,MR. KEVIN BRYANT,Home Office,Mumbai,South
CUST-574,MRS. CANDACE MEHTA,Consumer,Ahmedabad,West
CUST-575,MRS. EBONY MALHOTRA,Corporate,Mumbai,South
CUST-576,MRS. ERIKA DIAZ,Home Office,Kolkata,East
CUST-577,MRS. STACEY LU,Consumer,Chennai,North
CUST-578,MR. DARRELL RAJI,Home Office,Kolkata,East
CUST-579,MR. ARMANDO MORENO,Corporate,Hyderabad,North
CUST-580,MR. COREY GOEL,Corporate,Mumbai,North
CUST-581,MR. SEBASTIAN HOWARD,Corporate,Delhi,South
CUST-582,MR. ROGER RAJE,Consumer,Delhi,North
CUST-583,MRS. JANELLE CHANDRA,Consumer,Mumbai,East
CUST-584,MRS. MEREDITH RUIZ,Consumer,Pune,West
CUST-585,MS. MELODY DIAZ,Corporate,Chennai,South
CUST-586,MS. LINDA RUBIO,Consumer,Delhi,East
CUST-587,MR. IVAN RAMAN,Home Office,Mumbai,East
CUST-588,MR. LARRY GILL,Home Office,Pune,North
CUST-589,MR. GEOFFREY GONZALEZ,Home Office,Mumbai,North
CUST-590,MR. EDGAR SANCHEZ,Corporate,Ahmedabad,East
CUST-591,MS. HEIDI SUBRAM,Home Office,Bangalore,West
CUST-592,MS. MELODY RAMOS,Home Office,Delhi,South
CUST-593,MR. CLINTON MORENO,Corporate,Hyderabad,West
CUST-594,MR. CESAR MADAN,Consumer,Delhi,South
CUST-595,MR. EUGENE YE,Consumer,Hyderabad,East
CUST-596,MR. BLAKE COLLINS,Consumer,Hyderabad,South
CUST-597,MR. ERNEST LIN,Corporate,Kolkata,East
CUST-598,MR. KEITH ANDERSEN,Home Office,Ahmedabad,South
CUST-599,MS. MEREDITH PRASAD,Consumer,Ahmedabad,South
CUST-600,MS. KATRINA SHARMA,Home Office,Ahmedabad,North
CUST-601,MR. DWAYNE NAVARRO,Home Office,Hyderabad,North
CUST-602,MRS. CASEY NATH,Home Office,Delhi,East
CUST-603,MR. SEAN BROOKS,Corporate,Delhi,South
CUST-604,MR. BRIAN RAMIREZ,Corporate,Kolkata,East
CUST-605,MS. SIERRA YOUNG,Home Office,Kolkata,East
CUST-606,MS. MEGAN RODRIGUEZ,Corporate,Pune,North
CUST-607,MS. LEAH SHE,Consumer,Hyderabad,North
CUST-608,MR. GABRIEL ALLEN,Corporate,Hyderabad,East
CUST-609, ANGELA PERRY,Consumer,Chennai,East
CUST-610,MR. RYAN SMITH,Home Office,Delhi,North
CUST-611,MR. ZACHARY MOORE,Corporate,Delhi,East
CUST-612,MRS. DESTINY ROGERS,Home Office,Hyderabad,North
CUST-613,MR. DALTON GRAY,Home Office,Ahmedabad,North
CUST-614,MRS. MARIAH WOOD,Consumer,Delhi,South
CUST-615,MR. ISAIAH WRIGHT,Corporate,Chennai,South
CUST-616,MRS. HALEY POWELL,Corporate,Chennai,North
CUST-617,MR. ANTONIO BENNETT,Consumer,Ahmedabad,West
CUST-618,MR. THOMAS ANDERSON,Corporate,Delhi,North
CUST-619,MR. SAMUEL COLLINS,Corporate,Mumbai,South
CUST-620,MR. DARRELL CHANDE,Home Office,Ahmedabad,East
CUST-621,MRS. KIMBERLY COX,Corporate,Kolkata,North
CUST-622,MRS. MORGAN HERNANDEZ,Corporate,Bangalore,South
CUST-623,MR. ANTONIO POWELL,Home Office,Delhi,South
CUST-624,MRS. ANGELICA PERRY,Home Office,Hyderabad,West
CUST-625,MRS. CHLOE WILSON,Home Office,Mumbai,South
CUST-626,MR. JAMES CHEN,Consumer,Bangalore,East
CUST-627,MRS. MORGAN HUGHES,Corporate,Ahmedabad,East
CUST-628, NAOMI MUNOZ,Home Office,Chennai,East
CUST-629,MR. CHARLES TORRES,Consumer,Mumbai,North
CUST-630,MRS. GABRIELLA TURNER,Home Office,Kolkata,West
CUST-631,MRS. ANNA FOSTER,Home Office,Chennai,South
CUST-632,MR. RANDY WU,Home Office,Mumbai,North
CUST-633,MR. KEVIN SCOTT,Consumer,Mumbai,North
CUST-634,MR. IAN WHITE,Consumer,Chennai,South
CUST-635,MR. CALEB HAYES,Corporate,Ahmedabad,North
CUST-636,MRS. PATRICIA GARCIA,Home Office,Kolkata,East
CUST-637,MR. SAMUEL RUSSELL,Consumer,Chennai,South
CUST-638,MRS. SYDNEY PETERSON,Home Office,Pune,North
CUST-639,MRS. ARIANA SANCHEZ,Corporate,Chennai,North
CUST-640,MRS. TAMARA SHARMA,Home Office,Chennai,North
CUST-641,MRS. KATELYN PEREZ,Corporate,Kolkata,East
CUST-642,MRS. MEGAN COX,Corporate,Kolkata,North
CUST-643,MR. ROBERT MITCHELL,Corporate,Pune,West
CUST-644,MR. MIGUEL ADAMS,Corporate,Ahmedabad,West
CUST-645,MRS. MIRANDA GONZALES,Consumer,Chennai,North
CUST-646,MR. JEREMIAH JAMES,Consumer,Hyderabad,South
CUST-647,MR. ETHAN KUMAR,Corporate,Bangalore,North
CUST-648,MR. SETH WILLIAMS,Corporate,Ahmedabad,North
CUST-649,MRS. ALYSSA MORGAN,Home Office,Mumbai,East
CUST-650,MRS. JANET DOMINGUEZ,Consumer,Hyderabad,North
CUST-651,MR. ANGEL BAKER,Consumer,Ahmedabad,East
CUST-652,MR. BLAKE MOORE,Consumer,Pune,West
CUST-653,MRS. JADA COLLINS,Corporate,Ahmedabad,East
CUST-654,MRS. ISABELLA SIMMONS,Home Office,Hyderabad,South
CUST-655,MRS. JACQUELINE PERRY,Consumer,Kolkata,East
CUST-656,MRS. JESSICA BROWN,Consumer,Mumbai,South
CUST-657,MR. CHAD JAI,Home Office,Chennai,North
CUST-658,MRS. SUSAN YE,Home Office,Hyderabad,East
CUST-659,MS. MORGAN ROGERS,Consumer,Pune,South
CUST-660,MR. DEVIN MARTINEZ,Corporate,Kolkata,West
CUST-661,MR. ALAN HU,Corporate,Kolkata,North
CUST-662,MR. CHARLES WALKER,Corporate,Ahmedabad,North
CUST-663,MR. JOHNNY CHAVEZ,Consumer,Mumbai,North
CUST-664,MR. DALTON RICHARDSON,Home Office,Bangalore,North
CUST-665,MRS. KAYLEE NELSON,Corporate,Hyderabad,West
CUST-666,MRS. ABIGAIL JONES,Consumer,Mumbai,North
CUST-667,MRS. KAITLYN HALL,Home Office,Bangalore,East
CUST-668,MR. GREG TAYLOR,Corporate,Ahmedabad,South
CUST-669,MR. DEVIN PARKER,Corporate,Mumbai,South
CUST-670,MR. JOSE GRIFFIN,Home Office,Kolkata,East
CUST-671,MR. CODY TORRES,Home Office,Mumbai,South
CUST-672,MRS. VICTORIA MORRIS,Home Office,Kolkata,South
CUST-673,MR. IAN DIAZ,Consumer,Pune,North
CUST-674,MS. CAROLINE BUTLER,Home Office,Ahmedabad,East
CUST-675,MS. KAITLYN WILSON,Home Office,Ahmedabad,West
CUST-676,MR. CALEB GONZALES,Consumer,Bangalore,West
CUST-677,MRS. HAILEY DIAZ,Corporate,Chennai,South
CUST-678,MR. JONATHON ORTEGA,Home Office,Ahmedabad,East
CUST-679,MR. LOGAN CAMPBELL,Home Office,Delhi,West
CUST-680,MRS. MACKENZIE CAMPBELL,Corporate,Delhi,East
CUST-681,MR. EDUARDO LEE,Home Office,Bangalore,West
CUST-682,MR. JACKSON WRIGHT,Corporate,Pune,West
CUST-683,MR. CHASE PETERSON,Corporate,Mumbai,West
CUST-684,MR. XAVIER RICHARDSON,Corporate,Chennai,South
CUST-685,MR. DAVID HAYES,Home Office,Delhi,North
CUST-686,MRS. JENNY ZHOU,Home Office,Mumbai,South
CUST-687,MS. KAYLEE BAKER,Corporate,Delhi,East
CUST-688,MRS. BROOKE RICHARDSON,Consumer,Chennai,West
CUST-689,MR. BLAKE PEREZ,Home Office,Delhi,East
CUST-690,MRS. NATALIE COOK,Corporate,Delhi,South
CUST-691,MRS. ELIZABETH WEISMAN,Home Office,Ahmedabad,North
CUST-692,MRS. HAILEY COLLINS,Home Office,Ahmedabad,East
CUST-693,MRS. ZOE RAMIREZ,Corporate,Delhi,West
CUST-694,MR. DANIEL DAVIS,Consumer,Hyderabad,South
CUST-695,MRS. SHELBY ROGERS,Home Office,Delhi,West
CUST-696,MR. KYLE ZHANG,Consumer,Pune,North
CUST-697,MRS. ALEXANDRIA LONG,Corporate,Delhi,North
CUST-698,MRS. CHLOE ROBINSON,Home Office,Kolkata,North
CUST-699,MR. EVAN KELLY,Corporate,Mumbai,South
CUST-700,MR. MARCUS JONES,Consumer,Kolkata,East
CUST-701,MRS. SARAH JONES,Home Office,Hyderabad,South
CUST-702,MR. BLAKE GREEN,Consumer,Chennai,North
CUST-703,MRS. MORGAN MORRIS,Home Office,Ahmedabad,East
CUST-704,MRS. JENNIFER ALEXANDER,Consumer,Mumbai,West
CUST-705,MR. JULIAN HUGHES,Consumer,Ahmedabad,North
CUST-706,MR. LUKE COLEMAN,Consumer,Delhi,East
CUST-707,MR. JASON CARTER,Consumer,Delhi,South
CUST-708,MR. JOSE LI,Home Office,Pune,East
CUST-709,MR. MICAH LIANG,Home Office,Ahmedabad,East
CUST-710,MR. BENJAMIN TAYLOR,Home Office,Chennai,North
CUST-711,MR. LOGAN WHITE,Consumer,Ahmedabad,West
CUST-712,MR. CALEB CAMPBELL,Home Office,Kolkata,South
CUST-713,MRS. EMMA TORRES,Corporate,Chennai,East
CUST-714,MRS. TANYA GILL,Home Office,Mumbai,West
CUST-715,MR. ERICK SANCHEZ,Home Office,Kolkata,South
CUST-716,MRS. KRISTI SCHMIDT,Corporate,Chennai,South
CUST-717,MR. OMAR CHEN,Consumer,Ahmedabad,South
CUST-718,MRS. SYDNEY GRAY,Corporate,Ahmedabad,North
CUST-719,MR. SEBASTIAN SANCHEZ,Home Office,Kolkata,North
CUST-720,MRS. MEGAN MARTIN,Consumer,Mumbai,North
CUST-721,MR. ELIJAH ALEXANDER,Home Office,Kolkata,North
CUST-722,MR. AARON KING,Corporate,Pune,West
CUST-723,MRS. JAN HALL,Corporate,Kolkata,South
CUST-724,MRS. TAMARA CHANDER,Consumer,Hyderabad,North
CUST-725,MR. EDWARD LEWIS,Consumer,Kolkata,South
CUST-726,MR. CHASE KELLY,Home Office,Pune,North
CUST-727,MRS. STEPHANIE CAMPBELL,Home Office,Ahmedabad,West
CUST-728,MRS. ALLISON GONZALEZ,Consumer,Pune,East
CUST-729,MR. SETH BROOKS,Home Office,Delhi,North
CUST-730,MRS. DESTINY DAVIS,Home Office,Bangalore,South
CUST-731,MR. BLAKE HILL,Consumer,Kolkata,East
CUST-732,MR. EDUARDO JACKSON,Home Office,Ahmedabad,North
CUST-733,MRS. LATOYA SHE,Consumer,Delhi,West
CUST-734,MRS. VICTORIA GONZALES,Consumer,Pune,East
CUST-735,MRS. LAUREN BRYANT,Consumer,Chennai,North
CUST-736,MRS. FELICIA ORTEGA,Corporate,Mumbai,West
CUST-737,MRS. JANET ORTEGA,Home Office,Ahmedabad,West
CUST-738,MR. WILLIE PAL,Home Office,Chennai,South
CUST-739,MRS. LINDA ORTEGA,Corporate,Kolkata,North
CUST-740,MR. VINCENT CAI,Consumer,Ahmedabad,South
CUST-741,MR. COLIN YUAN,Consumer,Hyderabad,West
CUST-742,MRS. DAWN NATH,Home Office,Kolkata,East
CUST-743,MRS. MELODY MORENO,Corporate,Ahmedabad,West
CUST-744,MR. EDGAR MEHTA,Corporate,Pune,North
CUST-745,MR. RANDALL GOMEZ,Home Office,Mumbai,West
CUST-746,MR. ROSS FERNANDEZ,Home Office,Mumbai,South
CUST-747,MRS. JESSIE RAMOS,Home Office,Chennai,South
CUST-748,MR. MARC TORRES,Consumer,Chennai,West
CUST-749,MS. CANDACE RAMAN,Home Office,Mumbai,East
CUST-750,MS. MEAGAN MADAN,Corporate,Pune,East
CUST-751,MR. CLAYTON NARA,Consumer,Pune,North
CUST-752,MS. HALEY HERNANDEZ,Home Office,Hyderabad,South
CUST-753,MR. PETER NARA,Consumer,Kolkata,North
CUST-754,MR. ISAAC RIVERA,Consumer,Ahmedabad,South
CUST-755,MR. CAMERON MOORE,Home Office,Delhi,West
CUST-756,MR. GAVIN DIAZ,Home Office,Pune,South
CUST-757,MRS. EMMA SANCHEZ,Corporate,Mumbai,North
CUST-758,MRS. SIERRA ROBERTS,Corporate,Kolkata,South
CUST-759,MR. SETH MITCHELL,Corporate,Mumbai,West
CUST-760,MRS. MIRANDA LONG,Consumer,Pune,South
CUST-761,MRS. HALEY HENDERSON,Home Office,Bangalore,North
CUST-762,MRS. SARAH JACKSON,Consumer,Delhi,West
CUST-763,MRS. JESSICA ALEXANDER,Corporate,Ahmedabad,South
CUST-764,MR. CARLOS GRAY,Consumer,Bangalore,West
CUST-765,MRS. BARBARA JAI,Consumer,Ahmedabad,North
CUST-766,MRS. SARA MITCHELL,Consumer,Kolkata,West
CUST-767,MR. JOSE TURNER,Consumer,Mumbai,East
CUST-768,MR. THEODORE DIAZ,Home Office,Hyderabad,West
CUST-769,MR. IAN MURPHY,Consumer,Ahmedabad,North
CUST-770,MR. JERRY NATH,Consumer,Mumbai,East
CUST-771,MRS. DESTINY JAMES,Corporate,Hyderabad,West
CUST-772,MRS. BAILEY PHILLIPS,Consumer,Chennai,South
CUST-773,MR. TIMOTHY GONZALEZ,Home Office,Mumbai,South
CUST-774,MR. CHASE MORGAN,Consumer,Ahmedabad,West
CUST-775,MRS. ALEXIA PERRY,Corporate,Mumbai,South
CUST-776,MR. XAVIER ROGERS,Home Office,Kolkata,East
CUST-777,MRS. LAUREN ROSS,Consumer,Chennai,North
CUST-778,MRS. NICOLE THOMAS,Home Office,Kolkata,East
CUST-779,MRS. ISABEL JENKINS,Corporate,Hyderabad,North
CUST-780,MR. DEVIN COLEMAN,Corporate,Mumbai,North
CUST-781,MR. BRENDAN CHANDE,Corporate,Delhi,South
CUST-782,MR. JESSIE WANG,Consumer,Delhi,North
CUST-783,MRS. JENNIFER BAKER,Consumer,Mumbai,East
CUST-784,MR. AARON SHARMA,Consumer,Pune,West
CUST-785,MRS. MADISON TAYLOR,Corporate,Chennai,South
CUST-786,MRS. JAN HERNANDEZ,Consumer,Delhi,East
CUST-787,MRS. HALEY TURNER,Home Office,Mumbai,East
CUST-788,MR. RICHARD GREEN,Home Office,Pune,North
CUST-789,MRS. JENNIFER STEWART,Home Office,Mumbai,North
CUST-790,MR. LUCAS BAKER,Corporate,Ahmedabad,East
CUST-791,MR. JAMES PARKER,Home Office,Bangalore,West
CUST-792,MR. JUAN GRAY,Home Office,Delhi,South
CUST-793,MR. ANTONIO WASHINGTON,Corporate,Hyderabad,West
CUST-794,MS. ABIGAIL BROOKS,Consumer,Delhi,South
CUST-795,MR. ANDREW RODRIGUEZ,Consumer,Hyderabad,East
CUST-796,MS. MARY PATTERSON,Consumer,Hyderabad,South
CUST-797,MR. DALTON MORGAN,Corporate,Kolkata,East
CUST-798,MRS. HANNAH PATTERSON,Home Office,Ahmedabad,South
CUST-799,MR. JOE TORRES,Consumer,Ahmedabad,South
CUST-800,MRS. MORGAN MILLER,Home Office,Ahmedabad,North
CUST-801,MR. DANIEL GARCIA,Home Office,Hyderabad,North
CUST-802,MR. JOSE LAL,Home Office,Delhi,East
CUST-803,MS. KATELYN LOPEZ,Corporate,Delhi,South
CUST-804,MR. AUSTIN JOHNSON,Corporate,Kolkata,East
CUST-805,MS. ROHINTON WADIA,Home Office,Kolkata,East
CUST-806,MS. MORGAN TURNER,Corporate,Pune,North
CUST-807,MRS. JILL MARTIN,Consumer,Hyderabad,North
CUST-808,MRS. AIMEE SHE,Corporate,Hyderabad,East
CUST-809,MRS. JESSIE ALONSO,Consumer,Chennai,East
CUST-810,MRS. SARA BAKER,Home Office,Delhi,North
CUST-811,MRS. KATHERINE MARTINEZ,Corporate,Delhi,East
CUST-812,MRS. SOPHIA CAMPBELL,Home Office,Hyderabad,North
CUST-813,MRS. TAYLOR GARCIA,Home Office,Ahmedabad,North
CUST-814,MR. CHRISTIAN ROSS,Consumer,Delhi,South
CUST-815,MS. ZOE MURPHY,Corporate,Chennai,South
CUST-816,MR. OSCAR PRICE,Corporate,Chennai,North
CUST-817,MR. FERNANDO FLORES,Consumer,Ahmedabad,West
CUST-818,MR. ELIJAH RUSSELL,Corporate,Delhi,North
CUST-819,MR. GARRETT TRAVERS,Corporate,Mumbai,South
CUST-820,MRS. HALEY ALEXANDER,Home Office,Ahmedabad,East
CUST-821,MR. JUSTIN RODRIGUEZ,Corporate,Kolkata,North
CUST-822,MR. TYLER BROWN,Corporate,Bangalore,South
CUST-823,MR. JULIAN PATTERSON,Home Office,Delhi,South
CUST-824,MR. SEAN NELSON,Home Office,Hyderabad,West
CUST-825,MR. JUSTIN WILSON,Home Office,Mumbai,South
CUST-826,MRS. CHRISTY NARA,Consumer,Bangalore,East
CUST-827,MRS. MICHELE ALVAREZ,Corporate,Ahmedabad,East
CUST-828,MRS. NATALIE JONES,Home Office,Chennai,East
CUST-829,MRS. SAVANNAH REED,Consumer,Mumbai,North
CUST-830,MRS. CASSIDY DIAZ,Home Office,Kolkata,West
CUST-831,MR. JOSHUA LEWIS,Home Office,Chennai,South
CUST-832,MRS. FAITH REED,Home Office,Mumbai,North
CUST-833,MRS. BROOKE RAMIREZ,Consumer,Mumbai,North
CUST-834,MRS. JADA MITCHELL,Consumer,Chennai,South
CUST-835,MR. KYLE RUSSELL,Corporate,Ahmedabad,North
CUST-836,MS. GRACE JONES,Home Office,Kolkata,East
CUST-837,MR. JASON MITCHELL,Consumer,Chennai,South
CUST-838,MR. CHRISTIAN WALKER,Home Office,Pune,North
CUST-839,MR. SETH HERNANDEZ,Corporate,Chennai,North
CUST-840,MRS. ISABELLA YOUNG,Home Office,Chennai,North
CUST-841,MR. JORDAN COLEMAN,Corporate,Kolkata,East
CUST-842,MRS. NICOLE WALKER,Corporate,Kolkata,North
CUST-843,MRS. KATHERINE CARTER,Corporate,Pune,West
CUST-844,MRS. OLIVIA PETERSON,Corporate,Ahmedabad,West
CUST-845,MRS. JESSICA WOOD,Consumer,Chennai,North
CUST-846,MRS. ELIZABETH THOMPSON,Consumer,Hyderabad,South
CUST-847,MRS. CHLOE RIVERA,Corporate,Bangalore,North
CUST-848,MR. LUCAS SCOTT,Corporate,Ahmedabad,North
CUST-849,MR. NATHANIEL JAMES,Home Office,Mumbai,East
CUST-850,MS. JESSICA PETERSON,Consumer,Hyderabad,North
CUST-851,MS. KAITLYN ADAMS,Consumer,Ahmedabad,East
CUST-852,MS. JILLIAN GARCIA,Consumer,Pune,West
CUST-853,MR. DALTON BENNETT,Corporate,Ahmedabad,East
CUST-854,MS. FAITH PATTERSON,Home Office,Hyderabad,South
CUST-855,MR. RYAN ZHANG,Consumer,Kolkata,East
CUST-856,MR. ADRIAN BELL,Consumer,Mumbai,South
CUST-857,MR. JONATHAN BROWN,Home Office,Chennai,North
CUST-858,MRS. MADISON WHITE,Home Office,Hyderabad,East
CUST-859,MRS. ALEXIS DIAZ,Consumer,Pune,South
CUST-860,MRS. CHRISTINE NARA,Corporate,Kolkata,West
CUST-861,MR. EDGAR SAI,Corporate,Kolkata,North
CUST-862,MRS. MELISSA SANCHEZ,Corporate,Ahmedabad,North
CUST-863,MR. RICHARD MITCHELL,Consumer,Mumbai,North
CUST-864,MR. PATRICK STEWART,Home Office,Bangalore,North
CUST-865,MRS. HANNAH ANDERSON,Corporate,Hyderabad,West
CUST-866,MRS. LATOYA SHEN,Consumer,Mumbai,North
CUST-867,MR. KURT SHARMA,Home Office,Bangalore,East
CUST-868,MRS. KATELYN PARKER,Corporate,Ahmedabad,South
CUST-869,MR. JOSEPH WHITE,Corporate,Mumbai,South
CUST-870,MR. AARON ROSS,Home Office,Kolkata,East
CUST-871,MR. BLAKE PATTERSON,Home Office,Mumbai,South
CUST-872,MRS. WHITNEY LOPEZ,Home Office,Kolkata,South
CUST-873,MRS. JAMIE LIANG,Consumer,Pune,North
CUST-874,MR. JULIO ORTEGA,Home Office,Ahmedabad,East
CUST-875,MR. ORLANDO CARLSON,Home Office,Ahmedabad,West
CUST-876,MRS. ANN GONZALEZ,Consumer,Bangalore,West
CUST-877,MR. DUSTIN CHANDER,Corporate,Chennai,South
CUST-878,MR. FRANK CARLSON,Home Office,Ahmedabad,East
CUST-879,MR. ORLANDO ASHE,Home Office,Delhi,West
CUST-880,MRS. ANGELA HENDERSON,Corporate,Delhi,East
CUST-881,MRS. BRENDA PEREZ,Home Office,Bangalore,West
CUST-882,MR. BYRON CARLSON,Corporate,Pune,West
CUST-883,MRS. STACY ALVAREZ,Corporate,Mumbai,West
CUST-884,MR. DREW PAL,Corporate,Chennai,South
CUST-885,MRS. KATE RAJI,Home Office,Delhi,North
CUST-886,MRS. KAYLEE COOK,Home Office,Mumbai,South
CUST-887,MR. ISAIAH RAMIREZ,Corporate,Delhi,East
CUST-888,MRS. GABRIELLA SANDERS,Consumer,Chennai,West
CUST-889,MRS. SARAH GARCIA,Home Office,Delhi,East
CUST-890,MR. RAFAEL TANG,Corporate,Delhi,South
CUST-891,MRS. NICHOLE SHE,Home Office,Ahmedabad,North
CUST-892,MRS. JACLYN ZHENG,Home Office,Ahmedabad,East
CUST-893,MRS. RACHAEL KAPOOR,Corporate,Delhi,West
CUST-894,MRS. RACHAEL SAI,Consumer,Hyderabad,South
CUST-895,MRS. REBECCA ROBINSON,Home Office,Delhi,West
CUST-896,MS. MEAGAN RANA,Consumer,Pune,North
CUST-897,MR. PHILIP CARLSON,Corporate,Delhi,North
CUST-898,MR. JOE RANA,Home Office,Kolkata,North
CUST-899,MR. ROY SANZ,Corporate,Mumbai,South
CUST-900,MRS. KAYLEE HILL,Consumer,Kolkata,East
CUST-901,MR. WARREN ANDERSEN,Home Office,Hyderabad,South
CUST-902,MRS. ADRIENNE GOMEZ,Consumer,Chennai,North
CUST-903,MR. GILBERT ZHU,Home Office,Ahmedabad,East
CUST-904,MR. JAMES DAVIS,Consumer,Mumbai,West
CUST-905,MS. SARAH BRYANT,Consumer,Ahmedabad,North
CUST-906,MR. IAN LONG,Consumer,Delhi,East
CUST-907,MS. ASHLEE JAI,Consumer,Delhi,South
CUST-908,MR. EDUARDO FOSTER,Home Office,Pune,East
CUST-909,MS. NICOLE MURPHY,Home Office,Ahmedabad,East
CUST-910,MRS. VIRGINIA GONZALEZ,Home Office,Chennai,North
CUST-911,MRS. JACLYN NARA,Consumer,Ahmedabad,West
CUST-912,MR. MARCUS ADAMS,Home Office,Kolkata,South
CUST-913,MS. ELIZABETH COLEMAN,Corporate,Chennai,East
CUST-914,MR. MATHEW RUBIO,Home Office,Mumbai,West
CUST-915,MR. JUSTIN SHAN,Home Office,Kolkata,South
CUST-916,MS. JESSICA TAYLOR,Corporate,Chennai,South
CUST-917,MR. HUNTER CLARK,Consumer,Ahmedabad,South
CUST-918,MR. DEVIN PEREZ,Corporate,Ahmedabad,North
CUST-919,MR. SETH ALEXANDER,Home Office,Kolkata,North
CUST-920,MR. KEVIN WASHINGTON,Consumer,Mumbai,North
CUST-921,MR. TYLER MILLER,Home Office,Kolkata,North
CUST-922,MR. ADAM ROBERTS,Corporate,Pune,West
CUST-923,MR. GEORGE GONZALEZ,Corporate,Kolkata,South
CUST-924,MRS. DAWN HUANG,Consumer,Hyderabad,North
CUST-925,MRS. RACHAEL RODRIGUEZ,Consumer,Kolkata,South
CUST-926,MR. DENNIS HUANG,Home Office,Pune,North
CUST-927,MRS. BRANDY SAUNDERS,Home Office,Ahmedabad,West
CUST-928,MRS. JENNY ZHENG,Consumer,Pune,East
CUST-929,MRS. TASHA XU,Home Office,Delhi,North
CUST-930,MS. JULIA BROOKS,Home Office,Bangalore,South
CUST-931,MS. JORDAN CARTER,Consumer,Kolkata,East
CUST-932,MRS. LACEY HUANG,Home Office,Ahmedabad,North
CUST-933,MR. DOROTHY ROBINSON,Consumer,Delhi,West
CUST-934,MS. COURTNEY WRIGHT,Consumer,Pune,East
CUST-935,MR. JOSEPH GARCIA,Consumer,Chennai,North
CUST-936,MR. GABRIEL GREEN,Corporate,Mumbai,West
CUST-937,MS. ALEXANDRIA SANDBERG,Home Office,Ahmedabad,West
CUST-938,MS. COURTNEY HERNANDEZ,Home Office,Chennai,South
CUST-939,MR. DYLAN LAL,Corporate,Kolkata,North
CUST-940,MS. ELIZABETH DAVIS,Consumer,Ahmedabad,South
CUST-941,MS. ANA GRIFFIN,Consumer,Hyderabad,West
CUST-942,MS. ANNE ALVAREZ,Home Office,Kolkata,East
CUST-943,MS. ALEXANDRA ROBERTS,Corporate,Ahmedabad,West
CUST-944,MR. SHARON SALAVARIA,Corporate,Pune,North
CUST-945,MRS. KATIE SHE,Home Office,Mumbai,West
CUST-946,MR. RAFAEL BLACK,Home Office,Mumbai,South
CUST-947,MRS. LATASHA MUNOZ,Home Office,Chennai,South
CUST-948,MS. KELSEY BECKER,Consumer,Chennai,West
CUST-949,MR. RANDY XU,Home Office,Mumbai,East
CUST-950,MS. BAILEY COLLINS,Corporate,Pune,East
CUST-951,MS. AMANDA ADAMS,Consumer,Pune,North
CUST-952,MS. KATHERINE WILLIAMS,Home Office,Hyderabad,South
CUST-953,MS. CAROLINE BARNES,Consumer,Kolkata,North
CUST-954,MR. RANDY SUN,Consumer,Ahmedabad,South
CUST-955,MS. DESTINY GARCIA,Home Office,Delhi,West
CUST-956,MRS. AUDREY RAMOS,Home Office,Pune,South
CUST-957,MS. BONNIE JAI,Corporate,Mumbai,North
CUST-958,MR. JACKSON WASHINGTON,Corporate,Kolkata,South
CUST-959,MR. CHRISTOPHER JOHNSON,Corporate,Mumbai,West
CUST-960,MRS. KIMBERLY RICHARDSON,Consumer,Pune,South
CUST-961,MRS. ALEXANDRIA HOWARD,Home Office,Bangalore,North
CUST-962,MRS. ALEXANDRA FOSTER,Consumer,Delhi,West
CUST-963,MRS. CHERYL ORTEGA,Corporate,Ahmedabad,South
CUST-964,MR. ALEX CAMPBELL,Consumer,Bangalore,West
CUST-965,MRS. MELANIE HUGHES,Consumer,Ahmedabad,North
CUST-966,MR. MAX ALVAREZ,Consumer,Kolkata,West
CUST-967,MRS. DIANE VAZQUEZ,Consumer,Mumbai,East
CUST-968,MRS. KATHRYN CHAPMAN,Home Office,Hyderabad,West
CUST-969,MRS. KARA ANAND,Consumer,Ahmedabad,North
CUST-970,MRS. JOANNA VAZQUEZ,Consumer,Mumbai,East
CUST-971,MR. FREDERICK MARTINEZ,Corporate,Hyderabad,West
CUST-972,MRS. TONYA CHANDE,Consumer,Chennai,South
CUST-973,MRS. ROSA WANG,Home Office,Mumbai,South
CUST-974,MS. LEAH HU,Consumer,Ahmedabad,West
CUST-975,MR. KELVIN CARSON,Corporate,Mumbai,South
CUST-976,MRS. VERONICA SRINI,Home Office,Kolkata,East
CUST-977,MRS. KRISTINA KAPOOR,Consumer,Chennai,North
CUST-978,MRS. DONNA SHARMA,Home Office,Kolkata,East
CUST-979,MR. JOHNNY SHAN,Corporate,Hyderabad,North
CUST-980,MS. ASHLEY RUSSELL,Corporate,Mumbai,North
CUST-981,MRS. SHANNON YANG,Corporate,Delhi,South
CUST-982,MS. ADRIANA LOPEZ,Consumer,Delhi,North
CUST-983,MS. AUDREY MUNOZ,Consumer,Mumbai,East
CUST-984,MR. JARROD SURI,Consumer,Pune,West
CUST-985,MR. GILBERT SHEN,Corporate,Chennai,South
CUST-986,MR. RICHARD BLUE,Consumer,Delhi,East
CUST-987,MRS. SHANNON SUN,Home Office,Mumbai,East
CUST-988,MRS. SHARON YUAN,Home Office,Pune,North
CUST-989,MRS. ANN MARTINEZ,Home Office,Mumbai,North
CUST-990,MR. MAX SERRANO,Corporate,Ahmedabad,East
CUST-991,MRS. MORGAN JOHNSON,Home Office,Bangalore,West
CUST-992,MRS. MONICA SCHMIDT,Home Office,Delhi,South
CUST-993,MRS. KAYLA LEWIS,Corporate,Hyderabad,West
CUST-994,MR. DEVIN SANDERS,Consumer,Delhi,South
CUST-995,MR. JACOB WHITE,Consumer,Hyderabad,East
CUST-996,MS. MEREDITH SERRANO,Consumer,Hyderabad,South
CUST-997,MR. DAVID SIMMONS,Corporate,Kolkata,East
CUST-998,MR. DEVIN HENDERSON,Home Office,Ahmedabad,South
CUST-999,MS. GABRIELLE COX,Consumer,Ahmedabad,South
CUST-1000,MS. OLIVIA ROGERS,Home Office,Ahmedabad,North
