Ship_ID,Order_ID,Ship_Mode,Shipping_Cost
SHIP-1,ORD-1001,Express,332
SHIP-2,ORD-1002,Standard,55
SHIP-3,ORD-1003,Express,52
SHIP-4,ORD-1004,Standard,307
SHIP-5,ORD-1005,Standard,142
SHIP-6,ORD-1006,Express,128
SHIP-7,ORD-1007,Standard,82
SHIP-8,ORD-1008,Standard,322
SHIP-9,ORD-1009,Express,192
SHIP-10,ORD-1010,Express,113
SHIP-11,ORD-1011,Standard,424
SHIP-12,ORD-1012,Standard,253
SHIP-13,ORD-1013,Express,173
SHIP-14,ORD-1014,Standard,295
SHIP-15,ORD-1015,Standard,452
SHIP-16,ORD-1016,Express,483
SHIP-17,ORD-1017,Standard,154
SHIP-18,ORD-1018,Standard,332
SHIP-19,ORD-1019,Standard,194
SHIP-20,ORD-1020,Standard,481
SHIP-21,ORD-1021,Standard,401
SHIP-22,ORD-1022,Express,368
SHIP-23,ORD-1023,Standard,126
SHIP-24,ORD-1024,Express,409
SHIP-25,ORD-1025,Standard,204
SHIP-26,ORD-1026,Express,56
SHIP-27,ORD-1027,Standard,493
SHIP-28,ORD-1028,Standard,341
SHIP-29,ORD-1029,Express,222
SHIP-30,ORD-1030,Express,171
SHIP-31,ORD-1031,Standard,74
SHIP-32,ORD-1032,Standard,404
SHIP-33,ORD-1033,Standard,122
SHIP-34,ORD-1034,Express,166
SHIP-35,ORD-1035,Express,359
SHIP-36,ORD-1036,Standard,247
SHIP-37,ORD-1037,Express,251
SHIP-38,ORD-1038,Express,399
SHIP-39,ORD-1039,Express,222
SHIP-40,ORD-1040,Express,68
SHIP-41,ORD-1041,Express,488
SHIP-42,ORD-1042,Express,247
SHIP-43,ORD-1043,Standard,128
SHIP-44,ORD-1044,Standard,229
SHIP-45,ORD-1045,Standard,499
SHIP-46,ORD-1046,Standard,242
SHIP-47,ORD-1047,Standard,208
SHIP-48,ORD-1048,Express,454
SHIP-49,ORD-1049,Express,136
SHIP-50,ORD-1050,Express,165
SHIP-51,ORD-1051,Express,374
SHIP-52,ORD-1052,Standard,397
SHIP-53,ORD-1053,Standard,293
SHIP-54,ORD-1054,Express,331
SHIP-55,ORD-1055,Express,162
SHIP-56,ORD-1056,Standard,98
SHIP-57,ORD-1057,Standard,169
SHIP-58,ORD-1058,Standard,199
SHIP-59,ORD-1059,Express,402
SHIP-60,ORD-1060,Express,112
SHIP-61,ORD-1061,Standard,332
SHIP-62,ORD-1062,Standard,419
SHIP-63,ORD-1063,Express,341
SHIP-64,ORD-1064,Express,98
SHIP-65,ORD-1065,Express,50
SHIP-66,ORD-1066,Express,308
SHIP-67,ORD-1067,Standard,282
SHIP-68,ORD-1068,Standard,399
SHIP-69,ORD-1069,Express,143
SHIP-70,ORD-1070,Standard,454
SHIP-71,ORD-1071,Standard,64
SHIP-72,ORD-1072,Express,476
SHIP-73,ORD-1073,Express,99
SHIP-74,ORD-1074,Express,171
SHIP-75,ORD-1075,Standard,474
SHIP-76,ORD-1076,Standard,226
SHIP-77,ORD-1077,Standard,221
SHIP-78,ORD-1078,Standard,260
SHIP-79,ORD-1079,Standard,471
SHIP-80,ORD-1080,Express,272
SHIP-81,ORD-1081,Express,256
SHIP-82,ORD-1082,Express,130
SHIP-83,ORD-1083,Standard,64
SHIP-84,ORD-1084,Express,211
SHIP-85,ORD-1085,Express,146
SHIP-86,ORD-1086,Express,135
SHIP-87,ORD-1087,Standard,118
SHIP-88,ORD-1088,Express,194
SHIP-89,ORD-1089,Express,367
SHIP-90,ORD-1090,Standard,306
SHIP-91,ORD-1091,Express,188
SHIP-92,ORD-1092,Express,117
SHIP-93,ORD-1093,Express,458
SHIP-94,ORD-1094,Standard,138
SHIP-95,ORD-1095,Standard,353
SHIP-96,ORD-1096,Express,165
SHIP-97,ORD-1097,Express,490
SHIP-98,ORD-1098,Express,199
SHIP-99,ORD-1099,Standard,149
SHIP-100,ORD-1100,Express,193
SHIP-101,ORD-1101,Standard,389
SHIP-102,ORD-1102,Standard,400
SHIP-103,ORD-1103,Express,317
SHIP-104,ORD-1104,Express,176
SHIP-105,ORD-1105,Express,434
SHIP-106,ORD-1106,Express,454
SHIP-107,ORD-1107,Express,244
SHIP-108,ORD-1108,Express,481
SHIP-109,ORD-1109,Standard,97
SHIP-110,ORD-1110,Standard,307
SHIP-111,ORD-1111,Standard,463
SHIP-112,ORD-1112,Standard,374
SHIP-113,ORD-1113,Express,450
SHIP-114,ORD-1114,Standard,199
SHIP-115,ORD-1115,Express,275
SHIP-116,ORD-1116,Standard,127
SHIP-117,ORD-1117,Express,326
SHIP-118,ORD-1118,Standard,437
SHIP-119,ORD-1119,Standard,193
SHIP-120,ORD-1120,Express,53
SHIP-121,ORD-1121,Standard,461
SHIP-122,ORD-1122,Standard,258
SHIP-123,ORD-1123,Express,369
SHIP-124,ORD-1124,Express,466
SHIP-125,ORD-1125,Express,307
SHIP-126,ORD-1126,Standard,135
SHIP-127,ORD-1127,Express,348
SHIP-128,ORD-1128,Express,197
SHIP-129,ORD-1129,Standard,457
SHIP-130,ORD-1130,Standard,353
SHIP-131,ORD-1131,Standard,332
SHIP-132,ORD-1132,Standard,306
SHIP-133,ORD-1133,Standard,159
SHIP-134,ORD-1134,Express,241
SHIP-135,ORD-1135,Standard,382
SHIP-136,ORD-1136,Express,428
SHIP-137,ORD-1137,Express,446
SHIP-138,ORD-1138,Express,427
SHIP-139,ORD-1139,Express,277
SHIP-140,ORD-1140,Express,304
SHIP-141,ORD-1141,Express,97
SHIP-142,ORD-1142,Standard,402
SHIP-143,ORD-1143,Express,469
SHIP-144,ORD-1144,Standard,316
SHIP-145,ORD-1145,Express,420
SHIP-146,ORD-1146,Standard,215
SHIP-147,ORD-1147,Standard,63
SHIP-148,ORD-1148,Standard,355
SHIP-149,ORD-1149,Standard,455
SHIP-150,ORD-1150,Express,437
SHIP-151,ORD-1151,Standard,411
SHIP-152,ORD-1152,Express,493
SHIP-153,ORD-1153,Express,246
SHIP-154,ORD-1154,Express,494
SHIP-155,ORD-1155,Standard,75
SHIP-156,ORD-1156,Standard,81
SHIP-157,ORD-1157,Express,490
SHIP-158,ORD-1158,Standard,317
SHIP-159,ORD-1159,Standard,355
SHIP-160,ORD-1160,Standard,132
SHIP-161,ORD-1161,Express,484
SHIP-162,ORD-1162,Standard,191
SHIP-163,ORD-1163,Express,315
SHIP-164,ORD-1164,Express,204
SHIP-165,ORD-1165,Standard,273
SHIP-166,ORD-1166,Express,450
SHIP-167,ORD-1167,Express,245
SHIP-168,ORD-1168,Standard,98
SHIP-169,ORD-1169,Standard,255
SHIP-170,ORD-1170,Standard,295
SHIP-171,ORD-1171,Standard,474
SHIP-172,ORD-1172,Standard,459
SHIP-173,ORD-1173,Standard,461
SHIP-174,ORD-1174,Express,59
SHIP-175,ORD-1175,Express,268
SHIP-176,ORD-1176,Standard,145
SHIP-177,ORD-1177,Express,364
SHIP-178,ORD-1178,Standard,352
SHIP-179,ORD-1179,Express,124
SHIP-180,ORD-1180,Express,157
SHIP-181,ORD-1181,Express,190
SHIP-182,ORD-1182,Express,174
SHIP-183,ORD-1183,Standard,149
SHIP-184,ORD-1184,Express,147
SHIP-185,ORD-1185,Standard,126
SHIP-186,ORD-1186,Standard,255
SHIP-187,ORD-1187,Express,141
SHIP-188,ORD-1188,Express,115
SHIP-189,ORD-1189,Express,458
SHIP-190,ORD-1190,Express,221
SHIP-191,ORD-1191,Express,429
SHIP-192,ORD-1192,Standard,463
SHIP-193,ORD-1193,Standard,300
SHIP-194,ORD-1194,Express,308
SHIP-195,ORD-1195,Express,132
SHIP-196,ORD-1196,Standard,93
SHIP-197,ORD-1197,Express,336
SHIP-198,ORD-1198,Express,223
SHIP-199,ORD-1199,Express,302
SHIP-200,ORD-1200,Standard,180
SHIP-201,ORD-1201,Standard,135
SHIP-202,ORD-1202,Express,217
SHIP-203,ORD-1203,Express,442
SHIP-204,ORD-1204,Express,470
SHIP-205,ORD-1205,Express,51
SHIP-206,ORD-1206,Standard,229
SHIP-207,ORD-1207,Standard,86
SHIP-208,ORD-1208,Express,370
SHIP-209,ORD-1209,Express,331
SHIP-210,ORD-1210,Express,398
SHIP-211,ORD-1211,Express,279
SHIP-212,ORD-1212,Standard,147
SHIP-213,ORD-1213,Express,263
SHIP-214,ORD-1214,Standard,317
SHIP-215,ORD-1215,Express,460
SHIP-216,ORD-1216,Standard,294
SHIP-217,ORD-1217,Express,441
SHIP-218,ORD-1218,Standard,480
SHIP-219,ORD-1219,Express,457
SHIP-220,ORD-1220,Standard,209
SHIP-221,ORD-1221,Express,167
SHIP-222,ORD-1222,Standard,229
SHIP-223,ORD-1223,Express,216
SHIP-224,ORD-1224,Standard,487
SHIP-225,ORD-1225,Standard,311
SHIP-226,ORD-1226,Express,102
SHIP-227,ORD-1227,Standard,164
SHIP-228,ORD-1228,Express,242
SHIP-229,ORD-1229,Express,468
SHIP-230,ORD-1230,Express,392
SHIP-231,ORD-1231,Standard,388
SHIP-232,ORD-1232,Express,400
SHIP-233,ORD-1233,Standard,405
SHIP-234,ORD-1234,Express,489
SHIP-235,ORD-1235,Express,214
SHIP-236,ORD-1236,Express,356
SHIP-237,ORD-1237,Express,229
SHIP-238,ORD-1238,Standard,239
SHIP-239,ORD-1239,Standard,119
SHIP-240,ORD-1240,Standard,216
SHIP-241,ORD-1241,Standard,258
SHIP-242,ORD-1242,Standard,170
SHIP-243,ORD-1243,Express,112
SHIP-244,ORD-1244,Standard,62
SHIP-245,ORD-1245,Express,110
SHIP-246,ORD-1246,Express,319
SHIP-247,ORD-1247,Standard,181
SHIP-248,ORD-1248,Express,356
SHIP-249,ORD-1249,Express,244
SHIP-250,ORD-1250,Express,161
SHIP-251,ORD-1251,Express,116
SHIP-252,ORD-1252,Standard,398
SHIP-253,ORD-1253,Standard,260
SHIP-254,ORD-1254,Standard,170
SHIP-255,ORD-1255,Express,409
SHIP-256,ORD-1256,Standard,264
SHIP-257,ORD-1257,Standard,119
SHIP-258,ORD-1258,Express,457
SHIP-259,ORD-1259,Express,178
SHIP-260,ORD-1260,Express,320
SHIP-261,ORD-1261,Standard,101
SHIP-262,ORD-1262,Express,474
SHIP-263,ORD-1263,Standard,147
SHIP-264,ORD-1264,Express,178
SHIP-265,ORD-1265,Standard,352
SHIP-266,ORD-1266,Standard,282
SHIP-267,ORD-1267,Express,392
SHIP-268,ORD-1268,Standard,157
SHIP-269,ORD-1269,Express,486
SHIP-270,ORD-1270,Express,184
SHIP-271,ORD-1271,Standard,246
SHIP-272,ORD-1272,Express,293
SHIP-273,ORD-1273,Standard,254
SHIP-274,ORD-1274,Express,492
SHIP-275,ORD-1275,Standard,169
SHIP-276,ORD-1276,Express,90
SHIP-277,ORD-1277,Standard,325
SHIP-278,ORD-1278,Standard,377
SHIP-279,ORD-1279,Express,177
SHIP-280,ORD-1280,Standard,171
SHIP-281,ORD-1281,Express,71
SHIP-282,ORD-1282,Express,360
SHIP-283,ORD-1283,Express,205
SHIP-284,ORD-1284,Standard,216
SHIP-285,ORD-1285,Standard,116
SHIP-286,ORD-1286,Standard,186
SHIP-287,ORD-1287,Standard,234
SHIP-288,ORD-1288,Standard,351
SHIP-289,ORD-1289,Express,115
SHIP-290,ORD-1290,Express,446
SHIP-291,ORD-1291,Express,255
SHIP-292,ORD-1292,Express,354
SHIP-293,ORD-1293,Express,137
SHIP-294,ORD-1294,Standard,197
SHIP-295,ORD-1295,Express,489
SHIP-296,ORD-1296,Standard,365
SHIP-297,ORD-1297,Express,260
SHIP-298,ORD-1298,Standard,357
SHIP-299,ORD-1299,Express,140
SHIP-300,ORD-1300,Express,110
SHIP-301,ORD-1301,Express,312
SHIP-302,ORD-1302,Standard,351
SHIP-303,ORD-1303,Standard,498
SHIP-304,ORD-1304,Express,426
SHIP-305,ORD-1305,Express,147
SHIP-306,ORD-1306,Standard,271
SHIP-307,ORD-1307,Standard,260
SHIP-308,ORD-1308,Express,170
SHIP-309,ORD-1309,Standard,115
SHIP-310,ORD-1310,Standard,151
SHIP-311,ORD-1311,Standard,330
SHIP-312,ORD-1312,Standard,281
SHIP-313,ORD-1313,Express,172
SHIP-314,ORD-1314,Standard,167
SHIP-315,ORD-1315,Express,381
SHIP-316,ORD-1316,Express,498
SHIP-317,ORD-1317,Express,248
SHIP-318,ORD-1318,Express,126
SHIP-319,ORD-1319,Express,65
SHIP-320,ORD-1320,Express,379
SHIP-321,ORD-1321,Standard,326
SHIP-322,ORD-1322,Express,109
SHIP-323,ORD-1323,Express,299
SHIP-324,ORD-1324,Standard,72
SHIP-325,ORD-1325,Express,267
SHIP-326,ORD-1326,Express,196
SHIP-327,ORD-1327,Standard,175
SHIP-328,ORD-1328,Express,114
SHIP-329,ORD-1329,Standard,132
SHIP-330,ORD-1330,Standard,184
SHIP-331,ORD-1331,Express,356
SHIP-332,ORD-1332,Express,183
SHIP-333,ORD-1333,Express,72
SHIP-334,ORD-1334,Standard,271
SHIP-335,ORD-1335,Express,410
SHIP-336,ORD-1336,Express,305
SHIP-337,ORD-1337,Standard,463
SHIP-338,ORD-1338,Standard,498
SHIP-339,ORD-1339,Express,477
SHIP-340,ORD-1340,Express,68
SHIP-341,ORD-1341,Standard,232
SHIP-342,ORD-1342,Standard,469
SHIP-343,ORD-1343,Standard,252
SHIP-344,ORD-1344,Express,125
SHIP-345,ORD-1345,Express,304
SHIP-346,ORD-1346,Express,482
SHIP-347,ORD-1347,Standard,108
SHIP-348,ORD-1348,Standard,139
SHIP-349,ORD-1349,Standard,305
SHIP-350,ORD-1350,Express,176
SHIP-351,ORD-1351,Standard,210
SHIP-352,ORD-1352,Standard,266
SHIP-353,ORD-1353,Express,193
SHIP-354,ORD-1354,Standard,256
SHIP-355,ORD-1355,Express,316
SHIP-356,ORD-1356,Standard,414
SHIP-357,ORD-1357,Express,453
SHIP-358,ORD-1358,Express,444
SHIP-359,ORD-1359,Standard,302
SHIP-360,ORD-1360,Express,427
SHIP-361,ORD-1361,Express,458
SHIP-362,ORD-1362,Express,108
SHIP-363,ORD-1363,Standard,455
SHIP-364,ORD-1364,Express,225
SHIP-365,ORD-1365,Standard,278
SHIP-366,ORD-1366,Express,89
SHIP-367,ORD-1367,Standard,181
SHIP-368,ORD-1368,Express,236
SHIP-369,ORD-1369,Express,106
SHIP-370,ORD-1370,Standard,383
SHIP-371,ORD-1371,Express,185
SHIP-372,ORD-1372,Standard,59
SHIP-373,ORD-1373,Express,238
SHIP-374,ORD-1374,Express,466
SHIP-375,ORD-1375,Express,351
SHIP-376,ORD-1376,Standard,171
SHIP-377,ORD-1377,Standard,137
SHIP-378,ORD-1378,Standard,86
SHIP-379,ORD-1379,Standard,407
SHIP-380,ORD-1380,Standard,490
SHIP-381,ORD-1381,Express,123
SHIP-382,ORD-1382,Express,451
SHIP-383,ORD-1383,Express,358
SHIP-384,ORD-1384,Express,351
SHIP-385,ORD-1385,Standard,389
SHIP-386,ORD-1386,Express,103
SHIP-387,ORD-1387,Standard,484
SHIP-388,ORD-1388,Standard,73
SHIP-389,ORD-1389,Standard,101
SHIP-390,ORD-1390,Express,315
SHIP-391,ORD-1391,Standard,90
SHIP-392,ORD-1392,Express,189
SHIP-393,ORD-1393,Express,335
SHIP-394,ORD-1394,Express,98
SHIP-395,ORD-1395,Express,487
SHIP-396,ORD-1396,Standard,335
SHIP-397,ORD-1397,Standard,332
SHIP-398,ORD-1398,Standard,421
SHIP-399,ORD-1399,Express,292
SHIP-400,ORD-1400,Standard,491
SHIP-401,ORD-1401,Standard,306
SHIP-402,ORD-1402,Standard,203
SHIP-403,ORD-1403,Express,458
SHIP-404,ORD-1404,Standard,270
SHIP-405,ORD-1405,Standard,163
SHIP-406,ORD-1406,Express,87
SHIP-407,ORD-1407,Standard,381
SHIP-408,ORD-1408,Express,433
SHIP-409,ORD-1409,Standard,473
SHIP-410,ORD-1410,Standard,481
SHIP-411,ORD-1411,Standard,170
SHIP-412,ORD-1412,Standard,311
SHIP-413,ORD-1413,Standard,113
SHIP-414,ORD-1414,Express,296
SHIP-415,ORD-1415,Express,474
SHIP-416,ORD-1416,Standard,284
SHIP-417,ORD-1417,Standard,233
SHIP-418,ORD-1418,Standard,422
SHIP-419,ORD-1419,Standard,208
SHIP-420,ORD-1420,Express,338
SHIP-421,ORD-1421,Standard,336
SHIP-422,ORD-1422,Standard,81
SHIP-423,ORD-1423,Express,443
SHIP-424,ORD-1424,Express,240
SHIP-425,ORD-1425,Express,229
SHIP-426,ORD-1426,Express,205
SHIP-427,ORD-1427,Standard,499
SHIP-428,ORD-1428,Standard,452
SHIP-429,ORD-1429,Express,355
SHIP-430,ORD-1430,Standard,178
SHIP-431,ORD-1431,Standard,132
SHIP-432,ORD-1432,Standard,425
SHIP-433,ORD-1433,Standard,182
SHIP-434,ORD-1434,Express,268
SHIP-435,ORD-1435,Standard,268
SHIP-436,ORD-1436,Express,365
SHIP-437,ORD-1437,Express,134
SHIP-438,ORD-1438,Standard,441
SHIP-439,ORD-1439,Standard,295
SHIP-440,ORD-1440,Standard,276
SHIP-441,ORD-1441,Standard,144
SHIP-442,ORD-1442,Express,55
SHIP-443,ORD-1443,Standard,140
SHIP-444,ORD-1444,Express,348
SHIP-445,ORD-1445,Express,352
SHIP-446,ORD-1446,Express,406
SHIP-447,ORD-1447,Standard,264
SHIP-448,ORD-1448,Standard,373
SHIP-449,ORD-1449,Express,415
SHIP-450,ORD-1450,Express,264
SHIP-451,ORD-1451,Express,275
SHIP-452,ORD-1452,Standard,215
SHIP-453,ORD-1453,Standard,202
SHIP-454,ORD-1454,Express,142
SHIP-455,ORD-1455,Express,60
SHIP-456,ORD-1456,Express,292
SHIP-457,ORD-1457,Standard,348
SHIP-458,ORD-1458,Express,102
SHIP-459,ORD-1459,Express,198
SHIP-460,ORD-1460,Express,329
SHIP-461,ORD-1461,Standard,215
SHIP-462,ORD-1462,Express,359
SHIP-463,ORD-1463,Express,76
SHIP-464,ORD-1464,Standard,403
SHIP-465,ORD-1465,Express,321
SHIP-466,ORD-1466,Express,154
SHIP-467,ORD-1467,Express,384
SHIP-468,ORD-1468,Standard,396
SHIP-469,ORD-1469,Standard,243
SHIP-470,ORD-1470,Standard,74
SHIP-471,ORD-1471,Express,50
SHIP-472,ORD-1472,Standard,460
SHIP-473,ORD-1473,Express,199
SHIP-474,ORD-1474,Express,52
SHIP-475,ORD-1475,Standard,83
SHIP-476,ORD-1476,Express,350
SHIP-477,ORD-1477,Standard,95
SHIP-478,ORD-1478,Express,158
SHIP-479,ORD-1479,Express,493
SHIP-480,ORD-1480,Express,346
SHIP-481,ORD-1481,Express,283
SHIP-482,ORD-1482,Standard,258
SHIP-483,ORD-1483,Standard,196
SHIP-484,ORD-1484,Standard,105
SHIP-485,ORD-1485,Express,170
SHIP-486,ORD-1486,Standard,308
SHIP-487,ORD-1487,Express,453
SHIP-488,ORD-1488,Standard,264
SHIP-489,ORD-1489,Express,269
SHIP-490,ORD-1490,Standard,288
SHIP-491,ORD-1491,Express,308
SHIP-492,ORD-1492,Standard,198
SHIP-493,ORD-1493,Express,96
SHIP-494,ORD-1494,Standard,316
SHIP-495,ORD-1495,Standard,257
SHIP-496,ORD-1496,Standard,254
SHIP-497,ORD-1497,Standard,262
SHIP-498,ORD-1498,Express,427
SHIP-499,ORD-1499,Standard,232
SHIP-500,ORD-1500,Express,397
SHIP-501,ORD-1501,Standard,286
SHIP-502,ORD-1502,Standard,331
SHIP-503,ORD-1503,Standard,383
SHIP-504,ORD-1504,Standard,383
SHIP-505,ORD-1505,Express,363
SHIP-506,ORD-1506,Express,160
SHIP-507,ORD-1507,Express,494
SHIP-508,ORD-1508,Standard,139
SHIP-509,ORD-1509,Express,499
SHIP-510,ORD-1510,Express,57
SHIP-511,ORD-1511,Standard,255
SHIP-512,ORD-1512,Express,340
SHIP-513,ORD-1513,Express,471
SHIP-514,ORD-1514,Standard,397
SHIP-515,ORD-1515,Express,216
SHIP-516,ORD-1516,Standard,301
SHIP-517,ORD-1517,Standard,393
SHIP-518,ORD-1518,Express,119
SHIP-519,ORD-1519,Standard,135
SHIP-520,ORD-1520,Standard,250
SHIP-521,ORD-1521,Express,439
SHIP-522,ORD-1522,Standard,222
SHIP-523,ORD-1523,Express,161
SHIP-524,ORD-1524,Standard,223
SHIP-525,ORD-1525,Standard,208
SHIP-526,ORD-1526,Standard,388
SHIP-527,ORD-1527,Standard,413
SHIP-528,ORD-1528,Standard,395
SHIP-529,ORD-1529,Standard,316
SHIP-530,ORD-1530,Standard,195
SHIP-531,ORD-1531,Express,231
SHIP-532,ORD-1532,Express,446
SHIP-533,ORD-1533,Express,187
SHIP-534,ORD-1534,Express,136
SHIP-535,ORD-1535,Express,257
SHIP-536,ORD-1536,Standard,428
SHIP-537,ORD-1537,Standard,103
SHIP-538,ORD-1538,Standard,75
SHIP-539,ORD-1539,Standard,436
SHIP-540,ORD-1540,Standard,364
SHIP-541,ORD-1541,Standard,382
SHIP-542,ORD-1542,Express,277
SHIP-543,ORD-1543,Express,142
SHIP-544,ORD-1544,Standard,237
SHIP-545,ORD-1545,Express,244
SHIP-546,ORD-1546,Standard,323
SHIP-547,ORD-1547,Standard,141
SHIP-548,ORD-1548,Standard,498
SHIP-549,ORD-1549,Express,397
SHIP-550,ORD-1550,Standard,74
SHIP-551,ORD-1551,Express,164
SHIP-552,ORD-1552,Standard,233
SHIP-553,ORD-1553,Standard,131
SHIP-554,ORD-1554,Express,213
SHIP-555,ORD-1555,Express,339
SHIP-556,ORD-1556,Express,153
SHIP-557,ORD-1557,Standard,116
SHIP-558,ORD-1558,Standard,276
SHIP-559,ORD-1559,Standard,421
SHIP-560,ORD-1560,Standard,369
SHIP-561,ORD-1561,Express,119
SHIP-562,ORD-1562,Standard,292
SHIP-563,ORD-1563,Standard,54
SHIP-564,ORD-1564,Standard,146
SHIP-565,ORD-1565,Express,84
SHIP-566,ORD-1566,Standard,483
SHIP-567,ORD-1567,Standard,477
SHIP-568,ORD-1568,Standard,105
SHIP-569,ORD-1569,Express,92
SHIP-570,ORD-1570,Express,419
SHIP-571,ORD-1571,Express,376
SHIP-572,ORD-1572,Standard,263
SHIP-573,ORD-1573,Standard,428
SHIP-574,ORD-1574,Express,214
SHIP-575,ORD-1575,Express,364
SHIP-576,ORD-1576,Standard,422
SHIP-577,ORD-1577,Express,419
SHIP-578,ORD-1578,Express,172
SHIP-579,ORD-1579,Express,261
SHIP-580,ORD-1580,Express,311
SHIP-581,ORD-1581,Standard,233
SHIP-582,ORD-1582,Standard,76
SHIP-583,ORD-1583,Express,156
SHIP-584,ORD-1584,Express,278
SHIP-585,ORD-1585,Standard,330
SHIP-586,ORD-1586,Express,482
SHIP-587,ORD-1587,Express,464
SHIP-588,ORD-1588,Standard,125
SHIP-589,ORD-1589,Standard,438
SHIP-590,ORD-1590,Standard,468
SHIP-591,ORD-1591,Standard,185
SHIP-592,ORD-1592,Standard,81
SHIP-593,ORD-1593,Standard,167
SHIP-594,ORD-1594,Express,486
SHIP-595,ORD-1595,Standard,454
SHIP-596,ORD-1596,Standard,454
SHIP-597,ORD-1597,Express,359
SHIP-598,ORD-1598,Express,118
SHIP-599,ORD-1599,Express,354
SHIP-600,ORD-1600,Standard,236
SHIP-601,ORD-1601,Express,275
SHIP-602,ORD-1602,Express,160
SHIP-603,ORD-1603,Standard,458
SHIP-604,ORD-1604,Express,493
SHIP-605,ORD-1605,Express,323
SHIP-606,ORD-1606,Express,86
SHIP-607,ORD-1607,Express,258
SHIP-608,ORD-1608,Express,474
SHIP-609,ORD-1609,Express,361
SHIP-610,ORD-1610,Express,346
SHIP-611,ORD-1611,Standard,419
SHIP-612,ORD-1612,Standard,168
SHIP-613,ORD-1613,Express,173
SHIP-614,ORD-1614,Express,494
SHIP-615,ORD-1615,Standard,273
SHIP-616,ORD-1616,Standard,497
SHIP-617,ORD-1617,Express,256
SHIP-618,ORD-1618,Express,475
SHIP-619,ORD-1619,Express,374
SHIP-620,ORD-1620,Standard,106
SHIP-621,ORD-1621,Express,171
SHIP-622,ORD-1622,Express,89
SHIP-623,ORD-1623,Express,124
SHIP-624,ORD-1624,Standard,396
SHIP-625,ORD-1625,Express,246
SHIP-626,ORD-1626,Standard,131
SHIP-627,ORD-1627,Express,186
SHIP-628,ORD-1628,Standard,240
SHIP-629,ORD-1629,Express,107
SHIP-630,ORD-1630,Express,427
SHIP-631,ORD-1631,Standard,211
SHIP-632,ORD-1632,Standard,120
SHIP-633,ORD-1633,Express,267
SHIP-634,ORD-1634,Standard,298
SHIP-635,ORD-1635,Express,285
SHIP-636,ORD-1636,Express,122
SHIP-637,ORD-1637,Standard,405
SHIP-638,ORD-1638,Express,149
SHIP-639,ORD-1639,Express,305
SHIP-640,ORD-1640,Standard,483
SHIP-641,ORD-1641,Express,202
SHIP-642,ORD-1642,Standard,407
SHIP-643,ORD-1643,Standard,216
SHIP-644,ORD-1644,Express,485
SHIP-645,ORD-1645,Express,242
SHIP-646,ORD-1646,Express,106
SHIP-647,ORD-1647,Express,130
SHIP-648,ORD-1648,Standard,364
SHIP-649,ORD-1649,Standard,178
SHIP-650,ORD-1650,Standard,251
SHIP-651,ORD-1651,Express,426
SHIP-652,ORD-1652,Standard,80
SHIP-653,ORD-1653,Express,245
SHIP-654,ORD-1654,Express,443
SHIP-655,ORD-1655,Standard,472
SHIP-656,ORD-1656,Standard,215
SHIP-657,ORD-1657,Standard,475
SHIP-658,ORD-1658,Standard,124
SHIP-659,ORD-1659,Express,258
SHIP-660,ORD-1660,Standard,468
SHIP-661,ORD-1661,Express,279
SHIP-662,ORD-1662,Standard,242
SHIP-663,ORD-1663,Standard,473
SHIP-664,ORD-1664,Standard,369
SHIP-665,ORD-1665,Express,421
SHIP-666,ORD-1666,Express,448
SHIP-667,ORD-1667,Standard,344
SHIP-668,ORD-1668,Express,338
SHIP-669,ORD-1669,Standard,309
SHIP-670,ORD-1670,Standard,318
SHIP-671,ORD-1671,Standard,267
SHIP-672,ORD-1672,Express,133
SHIP-673,ORD-1673,Express,167
SHIP-674,ORD-1674,Express,165
SHIP-675,ORD-1675,Standard,293
SHIP-676,ORD-1676,Express,109
SHIP-677,ORD-1677,Express,266
SHIP-678,ORD-1678,Express,210
SHIP-679,ORD-1679,Express,131
SHIP-680,ORD-1680,Standard,98
SHIP-681,ORD-1681,Standard,50
SHIP-682,ORD-1682,Standard,437
SHIP-683,ORD-1683,Standard,299
SHIP-684,ORD-1684,Standard,338
SHIP-685,ORD-1685,Standard,475
SHIP-686,ORD-1686,Express,190
SHIP-687,ORD-1687,Standard,282
SHIP-688,ORD-1688,Express,140
SHIP-689,ORD-1689,Standard,258
SHIP-690,ORD-1690,Express,455
SHIP-691,ORD-1691,Standard,294
SHIP-692,ORD-1692,Standard,364
SHIP-693,ORD-1693,Express,51
SHIP-694,ORD-1694,Express,206
SHIP-695,ORD-1695,Express,105
SHIP-696,ORD-1696,Express,410
SHIP-697,ORD-1697,Standard,427
SHIP-698,ORD-1698,Express,369
SHIP-699,ORD-1699,Express,118
SHIP-700,ORD-1700,Express,243
SHIP-701,ORD-1701,Express,120
SHIP-702,ORD-1702,Standard,411
SHIP-703,ORD-1703,Express,291
SHIP-704,ORD-1704,Standard,340
SHIP-705,ORD-1705,Express,452
SHIP-706,ORD-1706,Express,118
SHIP-707,ORD-1707,Express,242
SHIP-708,ORD-1708,Standard,238
SHIP-709,ORD-1709,Express,219
SHIP-710,ORD-1710,Standard,87
SHIP-711,ORD-1711,Standard,454
SHIP-712,ORD-1712,Standard,231
SHIP-713,ORD-1713,Express,483
SHIP-714,ORD-1714,Express,211
SHIP-715,ORD-1715,Express,132
SHIP-716,ORD-1716,Standard,241
SHIP-717,ORD-1717,Standard,146
SHIP-718,ORD-1718,Standard,87
SHIP-719,ORD-1719,Standard,348
SHIP-720,ORD-1720,Express,197
SHIP-721,ORD-1721,Express,245
SHIP-722,ORD-1722,Standard,122
SHIP-723,ORD-1723,Express,496
SHIP-724,ORD-1724,Express,85
SHIP-725,ORD-1725,Standard,195
SHIP-726,ORD-1726,Standard,302
SHIP-727,ORD-1727,Standard,170
SHIP-728,ORD-1728,Express,340
SHIP-729,ORD-1729,Standard,486
SHIP-730,ORD-1730,Express,394
SHIP-731,ORD-1731,Express,137
SHIP-732,ORD-1732,Express,111
SHIP-733,ORD-1733,Express,175
SHIP-734,ORD-1734,Standard,472
SHIP-735,ORD-1735,Standard,372
SHIP-736,ORD-1736,Standard,497
SHIP-737,ORD-1737,Express,288
SHIP-738,ORD-1738,Standard,238
SHIP-739,ORD-1739,Standard,365
SHIP-740,ORD-1740,Express,61
SHIP-741,ORD-1741,Standard,303
SHIP-742,ORD-1742,Standard,141
SHIP-743,ORD-1743,Standard,179
SHIP-744,ORD-1744,Standard,303
SHIP-745,ORD-1745,Standard,243
SHIP-746,ORD-1746,Standard,79
SHIP-747,ORD-1747,Standard,215
SHIP-748,ORD-1748,Express,338
SHIP-749,ORD-1749,Standard,380
SHIP-750,ORD-1750,Express,207
SHIP-751,ORD-1751,Standard,401
SHIP-752,ORD-1752,Express,342
SHIP-753,ORD-1753,Standard,121
SHIP-754,ORD-1754,Express,169
SHIP-755,ORD-1755,Express,446
SHIP-756,ORD-1756,Standard,247
SHIP-757,ORD-1757,Express,327
SHIP-758,ORD-1758,Express,99
SHIP-759,ORD-1759,Express,74
SHIP-760,ORD-1760,Standard,232
SHIP-761,ORD-1761,Standard,427
SHIP-762,ORD-1762,Standard,318
SHIP-763,ORD-1763,Standard,429
SHIP-764,ORD-1764,Standard,385
SHIP-765,ORD-1765,Standard,73
SHIP-766,ORD-1766,Standard,77
SHIP-767,ORD-1767,Standard,484
SHIP-768,ORD-1768,Express,65
SHIP-769,ORD-1769,Standard,161
SHIP-770,ORD-1770,Express,151
SHIP-771,ORD-1771,Standard,202
SHIP-772,ORD-1772,Standard,343
SHIP-773,ORD-1773,Standard,88
SHIP-774,ORD-1774,Express,344
SHIP-775,ORD-1775,Express,418
SHIP-776,ORD-1776,Express,476
SHIP-777,ORD-1777,Express,116
SHIP-778,ORD-1778,Express,52
SHIP-779,ORD-1779,Standard,391
SHIP-780,ORD-1780,Express,189
SHIP-781,ORD-1781,Express,420
SHIP-782,ORD-1782,Express,479
SHIP-783,ORD-1783,Standard,201
SHIP-784,ORD-1784,Standard,190
SHIP-785,ORD-1785,Standard,100
SHIP-786,ORD-1786,Express,191
SHIP-787,ORD-1787,Standard,88
SHIP-788,ORD-1788,Standard,59
SHIP-789,ORD-1789,Express,208
SHIP-790,ORD-1790,Standard,443
SHIP-791,ORD-1791,Standard,252
SHIP-792,ORD-1792,Express,418
SHIP-793,ORD-1793,Express,70
SHIP-794,ORD-1794,Express,416
SHIP-795,ORD-1795,Standard,465
SHIP-796,ORD-1796,Standard,257
SHIP-797,ORD-1797,Express,328
SHIP-798,ORD-1798,Express,345
SHIP-799,ORD-1799,Express,89
SHIP-800,ORD-1800,Express,111
SHIP-801,ORD-1801,Express,85
SHIP-802,ORD-1802,Express,235
SHIP-803,ORD-1803,Standard,215
SHIP-804,ORD-1804,Express,185
SHIP-805,ORD-1805,Standard,291
SHIP-806,ORD-1806,Standard,178
SHIP-807,ORD-1807,Express,212
SHIP-808,ORD-1808,Express,469
SHIP-809,ORD-1809,Standard,446
SHIP-810,ORD-1810,Express,431
SHIP-811,ORD-1811,Standard,221
SHIP-812,ORD-1812,Standard,72
SHIP-813,ORD-1813,Standard,402
SHIP-814,ORD-1814,Express,188
SHIP-815,ORD-1815,Express,405
SHIP-816,ORD-1816,Standard,443
SHIP-817,ORD-1817,Express,228
SHIP-818,ORD-1818,Express,99
SHIP-819,ORD-1819,Express,141
SHIP-820,ORD-1820,Standard,255
SHIP-821,ORD-1821,Express,91
SHIP-822,ORD-1822,Standard,178
SHIP-823,ORD-1823,Standard,444
SHIP-824,ORD-1824,Standard,438
SHIP-825,ORD-1825,Standard,355
SHIP-826,ORD-1826,Express,255
SHIP-827,ORD-1827,Express,150
SHIP-828,ORD-1828,Express,84
SHIP-829,ORD-1829,Express,455
SHIP-830,ORD-1830,Express,104
SHIP-831,ORD-1831,Express,313
SHIP-832,ORD-1832,Express,456
SHIP-833,ORD-1833,Standard,225
SHIP-834,ORD-1834,Express,66
SHIP-835,ORD-1835,Express,149
SHIP-836,ORD-1836,Standard,295
SHIP-837,ORD-1837,Standard,221
SHIP-838,ORD-1838,Express,142
SHIP-839,ORD-1839,Standard,236
SHIP-840,ORD-1840,Express,285
SHIP-841,ORD-1841,Standard,331
SHIP-842,ORD-1842,Express,143
SHIP-843,ORD-1843,Standard,291
SHIP-844,ORD-1844,Express,118
SHIP-845,ORD-1845,Express,185
SHIP-846,ORD-1846,Standard,451
SHIP-847,ORD-1847,Express,281
SHIP-848,ORD-1848,Express,289
SHIP-849,ORD-1849,Standard,271
SHIP-850,ORD-1850,Express,285
SHIP-851,ORD-1851,Standard,234
SHIP-852,ORD-1852,Standard,302
SHIP-853,ORD-1853,Express,64
SHIP-854,ORD-1854,Standard,333
SHIP-855,ORD-1855,Express,147
SHIP-856,ORD-1856,Standard,428
SHIP-857,ORD-1857,Express,421
SHIP-858,ORD-1858,Standard,129
SHIP-859,ORD-1859,Standard,178
SHIP-860,ORD-1860,Express,200
SHIP-861,ORD-1861,Standard,397
SHIP-862,ORD-1862,Standard,493
SHIP-863,ORD-1863,Express,467
SHIP-864,ORD-1864,Standard,183
SHIP-865,ORD-1865,Express,234
SHIP-866,ORD-1866,Express,267
SHIP-867,ORD-1867,Standard,300
SHIP-868,ORD-1868,Express,433
SHIP-869,ORD-1869,Express,308
SHIP-870,ORD-1870,Standard,429
SHIP-871,ORD-1871,Express,78
SHIP-872,ORD-1872,Standard,205
SHIP-873,ORD-1873,Express,303
SHIP-874,ORD-1874,Standard,282
SHIP-875,ORD-1875,Express,147
SHIP-876,ORD-1876,Express,131
SHIP-877,ORD-1877,Standard,249
SHIP-878,ORD-1878,Standard,158
SHIP-879,ORD-1879,Standard,446
SHIP-880,ORD-1880,Standard,470
SHIP-881,ORD-1881,Standard,413
SHIP-882,ORD-1882,Express,54
SHIP-883,ORD-1883,Express,292
SHIP-884,ORD-1884,Standard,464
SHIP-885,ORD-1885,Standard,354
SHIP-886,ORD-1886,Standard,111
SHIP-887,ORD-1887,Standard,455
SHIP-888,ORD-1888,Standard,298
SHIP-889,ORD-1889,Standard,232
SHIP-890,ORD-1890,Standard,370
SHIP-891,ORD-1891,Standard,308
SHIP-892,ORD-1892,Standard,209
SHIP-893,ORD-1893,Express,202
SHIP-894,ORD-1894,Standard,384
SHIP-895,ORD-1895,Express,484
SHIP-896,ORD-1896,Express,366
SHIP-897,ORD-1897,Standard,219
SHIP-898,ORD-1898,Standard,86
SHIP-899,ORD-1899,Express,399
SHIP-900,ORD-1900,Standard,411
SHIP-901,ORD-1901,Express,395
SHIP-902,ORD-1902,Standard,127
SHIP-903,ORD-1903,Express,231
SHIP-904,ORD-1904,Standard,191
SHIP-905,ORD-1905,Standard,426
SHIP-906,ORD-1906,Express,150
SHIP-907,ORD-1907,Standard,123
SHIP-908,ORD-1908,Express,139
SHIP-909,ORD-1909,Express,129
SHIP-910,ORD-1910,Standard,93
SHIP-911,ORD-1911,Standard,120
SHIP-912,ORD-1912,Standard,349
SHIP-913,ORD-1913,Express,221
SHIP-914,ORD-1914,Standard,392
SHIP-915,ORD-1915,Express,371
SHIP-916,ORD-1916,Express,161
SHIP-917,ORD-1917,Standard,87
SHIP-918,ORD-1918,Standard,478
SHIP-919,ORD-1919,Express,182
SHIP-920,ORD-1920,Express,168
SHIP-921,ORD-1921,Express,349
SHIP-922,ORD-1922,Express,61
SHIP-923,ORD-1923,Express,190
SHIP-924,ORD-1924,Express,88
SHIP-925,ORD-1925,Standard,188
SHIP-926,ORD-1926,Express,79
SHIP-927,ORD-1927,Standard,219
SHIP-928,ORD-1928,Standard,397
SHIP-929,ORD-1929,Express,343
SHIP-930,ORD-1930,Standard,109
SHIP-931,ORD-1931,Express,467
SHIP-932,ORD-1932,Express,203
SHIP-933,ORD-1933,Express,411
SHIP-934,ORD-1934,Standard,153
SHIP-935,ORD-1935,Express,202
SHIP-936,ORD-1936,Standard,356
SHIP-937,ORD-1937,Standard,460
SHIP-938,ORD-1938,Express,123
SHIP-939,ORD-1939,Standard,160
SHIP-940,ORD-1940,Express,98
SHIP-941,ORD-1941,Standard,264
SHIP-942,ORD-1942,Express,468
SHIP-943,ORD-1943,Standard,441
SHIP-944,ORD-1944,Standard,351
SHIP-945,ORD-1945,Standard,365
SHIP-946,ORD-1946,Express,271
SHIP-947,ORD-1947,Standard,153
SHIP-948,ORD-1948,Express,277
SHIP-949,ORD-1949,Standard,293
SHIP-950,ORD-1950,Express,214
SHIP-951,ORD-1951,Standard,231
SHIP-952,ORD-1952,Express,339
SHIP-953,ORD-1953,Express,61
SHIP-954,ORD-1954,Express,338
SHIP-955,ORD-1955,Express,111
SHIP-956,ORD-1956,Express,183
SHIP-957,ORD-1957,Standard,135
SHIP-958,ORD-1958,Express,280
SHIP-959,ORD-1959,Express,209
SHIP-960,ORD-1960,Standard,298
SHIP-961,ORD-1961,Express,255
SHIP-962,ORD-1962,Standard,371
SHIP-963,ORD-1963,Standard,289
SHIP-964,ORD-1964,Express,489
SHIP-965,ORD-1965,Standard,143
SHIP-966,ORD-1966,Standard,68
SHIP-967,ORD-1967,Express,372
SHIP-968,ORD-1968,Standard,290
SHIP-969,ORD-1969,Express,206
SHIP-970,ORD-1970,Express,133
SHIP-971,ORD-1971,Express,290
SHIP-972,ORD-1972,Standard,302
SHIP-973,ORD-1973,Express,128
SHIP-974,ORD-1974,Express,321
SHIP-975,ORD-1975,Express,180
SHIP-976,ORD-1976,Standard,185
SHIP-977,ORD-1977,Standard,258
SHIP-978,ORD-1978,Standard,189
SHIP-979,ORD-1979,Standard,204
SHIP-980,ORD-1980,Standard,253
SHIP-981,ORD-1981,Standard,371
SHIP-982,ORD-1982,Express,451
SHIP-983,ORD-1983,Express,452
SHIP-984,ORD-1984,Express,331
SHIP-985,ORD-1985,Express,480
SHIP-986,ORD-1986,Express,486
SHIP-987,ORD-1987,Standard,253
SHIP-988,ORD-1988,Express,185
SHIP-989,ORD-1989,Standard,406
SHIP-990,ORD-1990,Express,394
SHIP-991,ORD-1991,Express,337
SHIP-992,ORD-1992,Express,409
SHIP-993,ORD-1993,Express,208
SHIP-994,ORD-1994,Standard,126
SHIP-995,ORD-1995,Express,145
SHIP-996,ORD-1996,Express,141
SHIP-997,ORD-1997,Express,173
SHIP-998,ORD-1998,Standard,490
SHIP-999,ORD-1999,Standard,171
SHIP-1000,ORD-2000,Express,254
SHIP-1001,ORD-2001,Standard,247
SHIP-1002,ORD-2002,Standard,182
SHIP-1003,ORD-2003,Standard,256
SHIP-1004,ORD-2004,Express,145
SHIP-1005,ORD-2005,Standard,454
SHIP-1006,ORD-2006,Express,153
SHIP-1007,ORD-2007,Standard,223
SHIP-1008,ORD-2008,Express,230
SHIP-1009,ORD-2009,Standard,430
SHIP-1010,ORD-2010,Standard,141
SHIP-1011,ORD-2011,Standard,88
SHIP-1012,ORD-2012,Express,249
SHIP-1013,ORD-2013,Express,469
SHIP-1014,ORD-2014,Standard,242
SHIP-1015,ORD-2015,Express,323
SHIP-1016,ORD-2016,Standard,425
SHIP-1017,ORD-2017,Express,405
SHIP-1018,ORD-2018,Standard,310
SHIP-1019,ORD-2019,Express,431
SHIP-1020,ORD-2020,Standard,134
SHIP-1021,ORD-2021,Standard,449
SHIP-1022,ORD-2022,Express,346
SHIP-1023,ORD-2023,Standard,181
SHIP-1024,ORD-2024,Standard,350
SHIP-1025,ORD-2025,Express,131
SHIP-1026,ORD-2026,Express,413
SHIP-1027,ORD-2027,Express,123
SHIP-1028,ORD-2028,Standard,61
SHIP-1029,ORD-2029,Express,374
SHIP-1030,ORD-2030,Express,290
SHIP-1031,ORD-2031,Standard,204
SHIP-1032,ORD-2032,Express,161
SHIP-1033,ORD-2033,Express,247
SHIP-1034,ORD-2034,Standard,234
SHIP-1035,ORD-2035,Express,471
SHIP-1036,ORD-2036,Standard,457
SHIP-1037,ORD-2037,Standard,281
SHIP-1038,ORD-2038,Standard,133
SHIP-1039,ORD-2039,Express,87
SHIP-1040,ORD-2040,Express,228
SHIP-1041,ORD-2041,Standard,322
SHIP-1042,ORD-2042,Standard,135
SHIP-1043,ORD-2043,Standard,375
SHIP-1044,ORD-2044,Standard,425
SHIP-1045,ORD-2045,Standard,482
SHIP-1046,ORD-2046,Standard,407
SHIP-1047,ORD-2047,Standard,277
SHIP-1048,ORD-2048,Standard,400
SHIP-1049,ORD-2049,Express,414
SHIP-1050,ORD-2050,Express,111
SHIP-1051,ORD-2051,Standard,365
SHIP-1052,ORD-2052,Express,247
SHIP-1053,ORD-2053,Express,206
SHIP-1054,ORD-2054,Express,473
SHIP-1055,ORD-2055,Standard,385
SHIP-1056,ORD-2056,Express,428
SHIP-1057,ORD-2057,Standard,252
SHIP-1058,ORD-2058,Express,413
SHIP-1059,ORD-2059,Standard,464
SHIP-1060,ORD-2060,Standard,259
SHIP-1061,ORD-2061,Standard,199
SHIP-1062,ORD-2062,Standard,338
SHIP-1063,ORD-2063,Express,352
SHIP-1064,ORD-2064,Express,436
SHIP-1065,ORD-2065,Express,231
SHIP-1066,ORD-2066,Express,171
SHIP-1067,ORD-2067,Express,201
SHIP-1068,ORD-2068,Standard,163
SHIP-1069,ORD-2069,Express,367
SHIP-1070,ORD-2070,Standard,413
SHIP-1071,ORD-2071,Standard,363
SHIP-1072,ORD-2072,Standard,410
SHIP-1073,ORD-2073,Standard,407
SHIP-1074,ORD-2074,Standard,95
SHIP-1075,ORD-2075,Standard,70
SHIP-1076,ORD-2076,Express,149
SHIP-1077,ORD-2077,Express,258
SHIP-1078,ORD-2078,Express,394
SHIP-1079,ORD-2079,Standard,474
SHIP-1080,ORD-2080,Express,302
SHIP-1081,ORD-2081,Standard,243
SHIP-1082,ORD-2082,Standard,474
SHIP-1083,ORD-2083,Standard,148
SHIP-1084,ORD-2084,Express,409
SHIP-1085,ORD-2085,Standard,376
SHIP-1086,ORD-2086,Express,158
SHIP-1087,ORD-2087,Standard,475
SHIP-1088,ORD-2088,Express,434
SHIP-1089,ORD-2089,Standard,405
SHIP-1090,ORD-2090,Express,177
SHIP-1091,ORD-2091,Standard,136
SHIP-1092,ORD-2092,Express,121
SHIP-1093,ORD-2093,Express,145
SHIP-1094,ORD-2094,Express,448
SHIP-1095,ORD-2095,Express,206
SHIP-1096,ORD-2096,Standard,54
SHIP-1097,ORD-2097,Express,406
SHIP-1098,ORD-2098,Standard,221
SHIP-1099,ORD-2099,Standard,311
SHIP-1100,ORD-2100,Standard,457
SHIP-1101,ORD-2101,Express,446
SHIP-1102,ORD-2102,Express,192
SHIP-1103,ORD-2103,Express,279
SHIP-1104,ORD-2104,Express,207
SHIP-1105,ORD-2105,Express,459
SHIP-1106,ORD-2106,Standard,358
SHIP-1107,ORD-2107,Standard,356
SHIP-1108,ORD-2108,Express,215
SHIP-1109,ORD-2109,Standard,340
SHIP-1110,ORD-2110,Express,107
SHIP-1111,ORD-2111,Express,61
SHIP-1112,ORD-2112,Standard,426
SHIP-1113,ORD-2113,Express,96
SHIP-1114,ORD-2114,Express,415
SHIP-1115,ORD-2115,Express,80
SHIP-1116,ORD-2116,Express,374
SHIP-1117,ORD-2117,Standard,225
SHIP-1118,ORD-2118,Express,122
SHIP-1119,ORD-2119,Standard,439
SHIP-1120,ORD-2120,Standard,204
SHIP-1121,ORD-2121,Standard,128
SHIP-1122,ORD-2122,Express,412
SHIP-1123,ORD-2123,Express,78
SHIP-1124,ORD-2124,Express,479
SHIP-1125,ORD-2125,Express,395
SHIP-1126,ORD-2126,Express,209
SHIP-1127,ORD-2127,Express,471
SHIP-1128,ORD-2128,Standard,115
SHIP-1129,ORD-2129,Standard,306
SHIP-1130,ORD-2130,Express,376
SHIP-1131,ORD-2131,Standard,136
SHIP-1132,ORD-2132,Express,322
SHIP-1133,ORD-2133,Express,422
SHIP-1134,ORD-2134,Express,262
SHIP-1135,ORD-2135,Standard,199
SHIP-1136,ORD-2136,Standard,66
SHIP-1137,ORD-2137,Express,269
SHIP-1138,ORD-2138,Standard,339
SHIP-1139,ORD-2139,Express,426
SHIP-1140,ORD-2140,Standard,272
SHIP-1141,ORD-2141,Express,434
SHIP-1142,ORD-2142,Express,230
SHIP-1143,ORD-2143,Express,63
SHIP-1144,ORD-2144,Express,105
SHIP-1145,ORD-2145,Standard,367
SHIP-1146,ORD-2146,Express,136
SHIP-1147,ORD-2147,Express,194
SHIP-1148,ORD-2148,Express,341
SHIP-1149,ORD-2149,Express,495
SHIP-1150,ORD-2150,Standard,421
SHIP-1151,ORD-2151,Standard,312
SHIP-1152,ORD-2152,Express,55
SHIP-1153,ORD-2153,Standard,366
SHIP-1154,ORD-2154,Standard,300
SHIP-1155,ORD-2155,Standard,87
SHIP-1156,ORD-2156,Standard,140
SHIP-1157,ORD-2157,Express,213
SHIP-1158,ORD-2158,Express,367
SHIP-1159,ORD-2159,Express,424
SHIP-1160,ORD-2160,Express,223
SHIP-1161,ORD-2161,Express,143
SHIP-1162,ORD-2162,Express,107
SHIP-1163,ORD-2163,Express,129
SHIP-1164,ORD-2164,Standard,415
SHIP-1165,ORD-2165,Express,281
SHIP-1166,ORD-2166,Standard,391
SHIP-1167,ORD-2167,Express,283
SHIP-1168,ORD-2168,Express,469
SHIP-1169,ORD-2169,Standard,111
SHIP-1170,ORD-2170,Standard,408
SHIP-1171,ORD-2171,Express,423
SHIP-1172,ORD-2172,Standard,214
SHIP-1173,ORD-2173,Express,428
SHIP-1174,ORD-2174,Express,191
SHIP-1175,ORD-2175,Express,399
SHIP-1176,ORD-2176,Standard,128
SHIP-1177,ORD-2177,Standard,53
SHIP-1178,ORD-2178,Express,448
SHIP-1179,ORD-2179,Standard,271
SHIP-1180,ORD-2180,Express,449
SHIP-1181,ORD-2181,Standard,400
SHIP-1182,ORD-2182,Standard,311
SHIP-1183,ORD-2183,Express,155
SHIP-1184,ORD-2184,Express,111
SHIP-1185,ORD-2185,Express,146
SHIP-1186,ORD-2186,Express,141
SHIP-1187,ORD-2187,Standard,400
SHIP-1188,ORD-2188,Standard,296
SHIP-1189,ORD-2189,Express,152
SHIP-1190,ORD-2190,Standard,95
SHIP-1191,ORD-2191,Express,464
SHIP-1192,ORD-2192,Express,153
SHIP-1193,ORD-2193,Standard,447
SHIP-1194,ORD-2194,Standard,280
SHIP-1195,ORD-2195,Standard,298
SHIP-1196,ORD-2196,Express,128
SHIP-1197,ORD-2197,Standard,360
SHIP-1198,ORD-2198,Standard,246
SHIP-1199,ORD-2199,Express,344
SHIP-1200,ORD-2200,Standard,212
SHIP-1201,ORD-2201,Express,304
SHIP-1202,ORD-2202,Standard,214
SHIP-1203,ORD-2203,Standard,402
SHIP-1204,ORD-2204,Express,442
SHIP-1205,ORD-2205,Express,333
SHIP-1206,ORD-2206,Express,83
SHIP-1207,ORD-2207,Express,213
SHIP-1208,ORD-2208,Standard,143
SHIP-1209,ORD-2209,Express,425
SHIP-1210,ORD-2210,Express,429
SHIP-1211,ORD-2211,Express,401
SHIP-1212,ORD-2212,Standard,164
SHIP-1213,ORD-2213,Express,419
SHIP-1214,ORD-2214,Standard,340
SHIP-1215,ORD-2215,Standard,251
SHIP-1216,ORD-2216,Standard,344
SHIP-1217,ORD-2217,Standard,151
SHIP-1218,ORD-2218,Standard,62
SHIP-1219,ORD-2219,Standard,142
SHIP-1220,ORD-2220,Express,101
SHIP-1221,ORD-2221,Standard,164
SHIP-1222,ORD-2222,Standard,287
SHIP-1223,ORD-2223,Standard,139
SHIP-1224,ORD-2224,Standard,362
SHIP-1225,ORD-2225,Express,474
SHIP-1226,ORD-2226,Standard,160
SHIP-1227,ORD-2227,Standard,339
SHIP-1228,ORD-2228,Standard,189
SHIP-1229,ORD-2229,Standard,101
SHIP-1230,ORD-2230,Standard,151
SHIP-1231,ORD-2231,Standard,391
SHIP-1232,ORD-2232,Express,355
SHIP-1233,ORD-2233,Standard,95
SHIP-1234,ORD-2234,Express,407
SHIP-1235,ORD-2235,Standard,155
SHIP-1236,ORD-2236,Standard,391
SHIP-1237,ORD-2237,Standard,134
SHIP-1238,ORD-2238,Standard,62
SHIP-1239,ORD-2239,Express,337
SHIP-1240,ORD-2240,Express,268
SHIP-1241,ORD-2241,Express,163
SHIP-1242,ORD-2242,Express,281
SHIP-1243,ORD-2243,Express,359
SHIP-1244,ORD-2244,Standard,361
SHIP-1245,ORD-2245,Express,397
SHIP-1246,ORD-2246,Standard,401
SHIP-1247,ORD-2247,Standard,280
SHIP-1248,ORD-2248,Express,459
SHIP-1249,ORD-2249,Standard,488
SHIP-1250,ORD-2250,Standard,271
SHIP-1251,ORD-2251,Express,280
SHIP-1252,ORD-2252,Express,352
SHIP-1253,ORD-2253,Express,167
SHIP-1254,ORD-2254,Standard,376
SHIP-1255,ORD-2255,Standard,131
SHIP-1256,ORD-2256,Standard,439
SHIP-1257,ORD-2257,Standard,408
SHIP-1258,ORD-2258,Express,129
SHIP-1259,ORD-2259,Express,290
SHIP-1260,ORD-2260,Express,170
SHIP-1261,ORD-2261,Standard,230
SHIP-1262,ORD-2262,Standard,347
SHIP-1263,ORD-2263,Standard,77
SHIP-1264,ORD-2264,Standard,351
SHIP-1265,ORD-2265,Standard,50
SHIP-1266,ORD-2266,Express,429
SHIP-1267,ORD-2267,Express,187
SHIP-1268,ORD-2268,Express,102
SHIP-1269,ORD-2269,Standard,254
SHIP-1270,ORD-2270,Standard,102
SHIP-1271,ORD-2271,Express,293
SHIP-1272,ORD-2272,Standard,179
SHIP-1273,ORD-2273,Standard,354
SHIP-1274,ORD-2274,Standard,59
SHIP-1275,ORD-2275,Express,146
SHIP-1276,ORD-2276,Express,103
SHIP-1277,ORD-2277,Standard,413
SHIP-1278,ORD-2278,Express,270
SHIP-1279,ORD-2279,Express,329
SHIP-1280,ORD-2280,Standard,473
SHIP-1281,ORD-2281,Express,215
SHIP-1282,ORD-2282,Express,317
SHIP-1283,ORD-2283,Standard,249
SHIP-1284,ORD-2284,Standard,98
SHIP-1285,ORD-2285,Express,296
SHIP-1286,ORD-2286,Express,151
SHIP-1287,ORD-2287,Standard,174
SHIP-1288,ORD-2288,Standard,91
SHIP-1289,ORD-2289,Standard,140
SHIP-1290,ORD-2290,Standard,386
SHIP-1291,ORD-2291,Express,482
SHIP-1292,ORD-2292,Standard,97
SHIP-1293,ORD-2293,Standard,444
SHIP-1294,ORD-2294,Express,313
SHIP-1295,ORD-2295,Standard,432
SHIP-1296,ORD-2296,Standard,120
SHIP-1297,ORD-2297,Express,103
SHIP-1298,ORD-2298,Standard,201
SHIP-1299,ORD-2299,Express,295
SHIP-1300,ORD-2300,Express,412
SHIP-1301,ORD-2301,Standard,137
SHIP-1302,ORD-2302,Express,225
SHIP-1303,ORD-2303,Standard,497
SHIP-1304,ORD-2304,Standard,179
SHIP-1305,ORD-2305,Standard,435
SHIP-1306,ORD-2306,Express,251
SHIP-1307,ORD-2307,Standard,298
SHIP-1308,ORD-2308,Standard,159
SHIP-1309,ORD-2309,Standard,228
SHIP-1310,ORD-2310,Standard,205
SHIP-1311,ORD-2311,Express,418
SHIP-1312,ORD-2312,Standard,170
SHIP-1313,ORD-2313,Standard,291
SHIP-1314,ORD-2314,Express,398
SHIP-1315,ORD-2315,Express,277
SHIP-1316,ORD-2316,Standard,471
SHIP-1317,ORD-2317,Express,238
SHIP-1318,ORD-2318,Express,191
SHIP-1319,ORD-2319,Express,207
SHIP-1320,ORD-2320,Standard,335
SHIP-1321,ORD-2321,Express,467
SHIP-1322,ORD-2322,Express,451
SHIP-1323,ORD-2323,Express,283
SHIP-1324,ORD-2324,Express,263
SHIP-1325,ORD-2325,Express,86
SHIP-1326,ORD-2326,Standard,394
SHIP-1327,ORD-2327,Express,267
SHIP-1328,ORD-2328,Standard,79
SHIP-1329,ORD-2329,Standard,52
SHIP-1330,ORD-2330,Standard,132
SHIP-1331,ORD-2331,Standard,198
SHIP-1332,ORD-2332,Standard,462
SHIP-1333,ORD-2333,Standard,97
SHIP-1334,ORD-2334,Standard,196
SHIP-1335,ORD-2335,Standard,307
SHIP-1336,ORD-2336,Express,337
SHIP-1337,ORD-2337,Express,499
SHIP-1338,ORD-2338,Standard,202
SHIP-1339,ORD-2339,Express,366
SHIP-1340,ORD-2340,Standard,497
SHIP-1341,ORD-2341,Standard,473
SHIP-1342,ORD-2342,Standard,307
SHIP-1343,ORD-2343,Express,396
SHIP-1344,ORD-2344,Standard,442
SHIP-1345,ORD-2345,Express,288
SHIP-1346,ORD-2346,Standard,416
SHIP-1347,ORD-2347,Express,449
SHIP-1348,ORD-2348,Standard,343
SHIP-1349,ORD-2349,Express,290
SHIP-1350,ORD-2350,Express,151
SHIP-1351,ORD-2351,Express,458
SHIP-1352,ORD-2352,Express,453
SHIP-1353,ORD-2353,Express,266
SHIP-1354,ORD-2354,Express,393
SHIP-1355,ORD-2355,Express,494
SHIP-1356,ORD-2356,Express,158
SHIP-1357,ORD-2357,Express,438
SHIP-1358,ORD-2358,Standard,95
SHIP-1359,ORD-2359,Express,335
SHIP-1360,ORD-2360,Standard,303
SHIP-1361,ORD-2361,Express,389
SHIP-1362,ORD-2362,Standard,319
SHIP-1363,ORD-2363,Express,418
SHIP-1364,ORD-2364,Standard,58
SHIP-1365,ORD-2365,Standard,208
SHIP-1366,ORD-2366,Express,193
SHIP-1367,ORD-2367,Standard,220
SHIP-1368,ORD-2368,Standard,346
SHIP-1369,ORD-2369,Express,354
SHIP-1370,ORD-2370,Standard,444
SHIP-1371,ORD-2371,Standard,129
SHIP-1372,ORD-2372,Standard,151
SHIP-1373,ORD-2373,Express,97
SHIP-1374,ORD-2374,Standard,316
SHIP-1375,ORD-2375,Express,356
SHIP-1376,ORD-2376,Express,62
SHIP-1377,ORD-2377,Standard,423
SHIP-1378,ORD-2378,Express,405
SHIP-1379,ORD-2379,Express,102
SHIP-1380,ORD-2380,Express,207
SHIP-1381,ORD-2381,Express,419
SHIP-1382,ORD-2382,Express,302
SHIP-1383,ORD-2383,Standard,189
SHIP-1384,ORD-2384,Express,496
SHIP-1385,ORD-2385,Express,91
SHIP-1386,ORD-2386,Express,111
SHIP-1387,ORD-2387,Express,205
SHIP-1388,ORD-2388,Standard,442
SHIP-1389,ORD-2389,Standard,472
SHIP-1390,ORD-2390,Standard,345
SHIP-1391,ORD-2391,Standard,111
SHIP-1392,ORD-2392,Express,380
SHIP-1393,ORD-2393,Standard,108
SHIP-1394,ORD-2394,Express,149
SHIP-1395,ORD-2395,Express,119
SHIP-1396,ORD-2396,Express,394
SHIP-1397,ORD-2397,Standard,51
SHIP-1398,ORD-2398,Standard,188
SHIP-1399,ORD-2399,Express,76
SHIP-1400,ORD-2400,Standard,402
SHIP-1401,ORD-2401,Standard,314
SHIP-1402,ORD-2402,Standard,102
SHIP-1403,ORD-2403,Express,231
SHIP-1404,ORD-2404,Express,482
SHIP-1405,ORD-2405,Standard,222
SHIP-1406,ORD-2406,Express,152
SHIP-1407,ORD-2407,Express,216
SHIP-1408,ORD-2408,Standard,419
SHIP-1409,ORD-2409,Standard,193
SHIP-1410,ORD-2410,Express,387
SHIP-1411,ORD-2411,Standard,333
SHIP-1412,ORD-2412,Express,182
SHIP-1413,ORD-2413,Standard,288
SHIP-1414,ORD-2414,Express,393
SHIP-1415,ORD-2415,Standard,428
SHIP-1416,ORD-2416,Express,180
SHIP-1417,ORD-2417,Standard,463
SHIP-1418,ORD-2418,Express,233
SHIP-1419,ORD-2419,Express,271
SHIP-1420,ORD-2420,Standard,294
SHIP-1421,ORD-2421,Express,303
SHIP-1422,ORD-2422,Express,194
SHIP-1423,ORD-2423,Standard,367
SHIP-1424,ORD-2424,Standard,232
SHIP-1425,ORD-2425,Express,491
SHIP-1426,ORD-2426,Express,50
SHIP-1427,ORD-2427,Standard,465
SHIP-1428,ORD-2428,Express,459
SHIP-1429,ORD-2429,Express,101
SHIP-1430,ORD-2430,Standard,384
SHIP-1431,ORD-2431,Express,50
SHIP-1432,ORD-2432,Standard,392
SHIP-1433,ORD-2433,Standard,255
SHIP-1434,ORD-2434,Express,179
SHIP-1435,ORD-2435,Standard,90
SHIP-1436,ORD-2436,Standard,143
SHIP-1437,ORD-2437,Standard,362
SHIP-1438,ORD-2438,Express,468
SHIP-1439,ORD-2439,Standard,255
SHIP-1440,ORD-2440,Standard,428
SHIP-1441,ORD-2441,Standard,112
SHIP-1442,ORD-2442,Standard,210
SHIP-1443,ORD-2443,Express,177
SHIP-1444,ORD-2444,Standard,478
SHIP-1445,ORD-2445,Express,164
SHIP-1446,ORD-2446,Standard,204
SHIP-1447,ORD-2447,Express,100
SHIP-1448,ORD-2448,Express,229
SHIP-1449,ORD-2449,Express,374
SHIP-1450,ORD-2450,Standard,289
SHIP-1451,ORD-2451,Express,249
SHIP-1452,ORD-2452,Express,322
SHIP-1453,ORD-2453,Express,148
SHIP-1454,ORD-2454,Express,424
SHIP-1455,ORD-2455,Standard,490
SHIP-1456,ORD-2456,Standard,431
SHIP-1457,ORD-2457,Standard,207
SHIP-1458,ORD-2458,Express,162
SHIP-1459,ORD-2459,Express,373
SHIP-1460,ORD-2460,Standard,295
SHIP-1461,ORD-2461,Standard,399
SHIP-1462,ORD-2462,Express,474
SHIP-1463,ORD-2463,Standard,390
SHIP-1464,ORD-2464,Express,246
SHIP-1465,ORD-2465,Standard,377
SHIP-1466,ORD-2466,Express,121
SHIP-1467,ORD-2467,Standard,457
SHIP-1468,ORD-2468,Standard,249
SHIP-1469,ORD-2469,Express,463
SHIP-1470,ORD-2470,Express,183
SHIP-1471,ORD-2471,Express,344
SHIP-1472,ORD-2472,Standard,164
SHIP-1473,ORD-2473,Standard,150
SHIP-1474,ORD-2474,Express,434
SHIP-1475,ORD-2475,Express,93
SHIP-1476,ORD-2476,Express,85
SHIP-1477,ORD-2477,Express,76
SHIP-1478,ORD-2478,Express,302
SHIP-1479,ORD-2479,Standard,460
SHIP-1480,ORD-2480,Standard,60
SHIP-1481,ORD-2481,Express,172
SHIP-1482,ORD-2482,Standard,116
SHIP-1483,ORD-2483,Standard,219
SHIP-1484,ORD-2484,Standard,207
SHIP-1485,ORD-2485,Standard,273
SHIP-1486,ORD-2486,Express,388
SHIP-1487,ORD-2487,Express,400
SHIP-1488,ORD-2488,Express,407
SHIP-1489,ORD-2489,Express,226
SHIP-1490,ORD-2490,Express,265
SHIP-1491,ORD-2491,Express,461
SHIP-1492,ORD-2492,Express,219
SHIP-1493,ORD-2493,Standard,365
SHIP-1494,ORD-2494,Express,182
SHIP-1495,ORD-2495,Standard,208
SHIP-1496,ORD-2496,Standard,164
SHIP-1497,ORD-2497,Standard,188
SHIP-1498,ORD-2498,Standard,259
SHIP-1499,ORD-2499,Express,226
SHIP-1500,ORD-2500,Standard,443
SHIP-1501,ORD-2501,Standard,244
SHIP-1502,ORD-2502,Standard,432
SHIP-1503,ORD-2503,Express,128
SHIP-1504,ORD-2504,Express,358
SHIP-1505,ORD-2505,Express,327
SHIP-1506,ORD-2506,Express,130
SHIP-1507,ORD-2507,Express,104
SHIP-1508,ORD-2508,Standard,305
SHIP-1509,ORD-2509,Standard,480
SHIP-1510,ORD-2510,Standard,342
SHIP-1511,ORD-2511,Express,295
SHIP-1512,ORD-2512,Standard,375
SHIP-1513,ORD-2513,Standard,430
SHIP-1514,ORD-2514,Express,147
SHIP-1515,ORD-2515,Express,466
SHIP-1516,ORD-2516,Express,447
SHIP-1517,ORD-2517,Standard,433
SHIP-1518,ORD-2518,Express,268
SHIP-1519,ORD-2519,Standard,236
SHIP-1520,ORD-2520,Standard,60
SHIP-1521,ORD-2521,Express,475
SHIP-1522,ORD-2522,Express,60
SHIP-1523,ORD-2523,Express,284
SHIP-1524,ORD-2524,Standard,188
SHIP-1525,ORD-2525,Express,326
SHIP-1526,ORD-2526,Express,265
SHIP-1527,ORD-2527,Standard,304
SHIP-1528,ORD-2528,Express,378
SHIP-1529,ORD-2529,Standard,192
SHIP-1530,ORD-2530,Express,113
SHIP-1531,ORD-2531,Standard,391
SHIP-1532,ORD-2532,Express,434
SHIP-1533,ORD-2533,Express,479
SHIP-1534,ORD-2534,Standard,63
SHIP-1535,ORD-2535,Express,281
SHIP-1536,ORD-2536,Express,87
SHIP-1537,ORD-2537,Express,390
SHIP-1538,ORD-2538,Express,330
SHIP-1539,ORD-2539,Standard,349
SHIP-1540,ORD-2540,Express,156
SHIP-1541,ORD-2541,Express,326
SHIP-1542,ORD-2542,Standard,478
SHIP-1543,ORD-2543,Express,311
SHIP-1544,ORD-2544,Standard,486
SHIP-1545,ORD-2545,Express,236
SHIP-1546,ORD-2546,Express,291
SHIP-1547,ORD-2547,Standard,330
SHIP-1548,ORD-2548,Express,346
SHIP-1549,ORD-2549,Standard,439
SHIP-1550,ORD-2550,Standard,429
SHIP-1551,ORD-2551,Express,439
SHIP-1552,ORD-2552,Standard,248
SHIP-1553,ORD-2553,Express,314
SHIP-1554,ORD-2554,Standard,247
SHIP-1555,ORD-2555,Express,73
SHIP-1556,ORD-2556,Express,331
SHIP-1557,ORD-2557,Standard,302
SHIP-1558,ORD-2558,Express,217
SHIP-1559,ORD-2559,Standard,426
SHIP-1560,ORD-2560,Standard,291
SHIP-1561,ORD-2561,Standard,417
SHIP-1562,ORD-2562,Express,360
SHIP-1563,ORD-2563,Standard,261
SHIP-1564,ORD-2564,Standard,135
SHIP-1565,ORD-2565,Standard,125
SHIP-1566,ORD-2566,Express,60
SHIP-1567,ORD-2567,Standard,497
SHIP-1568,ORD-2568,Express,390
SHIP-1569,ORD-2569,Express,178
SHIP-1570,ORD-2570,Express,191
SHIP-1571,ORD-2571,Standard,236
SHIP-1572,ORD-2572,Standard,339
SHIP-1573,ORD-2573,Express,420
SHIP-1574,ORD-2574,Express,121
SHIP-1575,ORD-2575,Express,483
SHIP-1576,ORD-2576,Express,175
SHIP-1577,ORD-2577,Express,291
SHIP-1578,ORD-2578,Express,72
SHIP-1579,ORD-2579,Standard,380
SHIP-1580,ORD-2580,Standard,378
SHIP-1581,ORD-2581,Standard,373
SHIP-1582,ORD-2582,Express,457
SHIP-1583,ORD-2583,Express,199
SHIP-1584,ORD-2584,Standard,216
SHIP-1585,ORD-2585,Standard,475
SHIP-1586,ORD-2586,Standard,239
SHIP-1587,ORD-2587,Express,396
SHIP-1588,ORD-2588,Express,253
SHIP-1589,ORD-2589,Standard,292
SHIP-1590,ORD-2590,Express,247
SHIP-1591,ORD-2591,Express,238
SHIP-1592,ORD-2592,Standard,427
SHIP-1593,ORD-2593,Express,419
SHIP-1594,ORD-2594,Standard,265
SHIP-1595,ORD-2595,Standard,292
SHIP-1596,ORD-2596,Standard,416
SHIP-1597,ORD-2597,Standard,78
SHIP-1598,ORD-2598,Express,391
SHIP-1599,ORD-2599,Express,497
SHIP-1600,ORD-2600,Standard,370
SHIP-1601,ORD-2601,Standard,449
SHIP-1602,ORD-2602,Express,408
SHIP-1603,ORD-2603,Standard,457
SHIP-1604,ORD-2604,Standard,100
SHIP-1605,ORD-2605,Express,193
SHIP-1606,ORD-2606,Express,161
SHIP-1607,ORD-2607,Standard,334
SHIP-1608,ORD-2608,Standard,112
SHIP-1609,ORD-2609,Standard,391
SHIP-1610,ORD-2610,Standard,367
SHIP-1611,ORD-2611,Standard,311
SHIP-1612,ORD-2612,Standard,336
SHIP-1613,ORD-2613,Standard,438
SHIP-1614,ORD-2614,Express,179
SHIP-1615,ORD-2615,Express,208
SHIP-1616,ORD-2616,Express,197
SHIP-1617,ORD-2617,Express,461
SHIP-1618,ORD-2618,Standard,237
SHIP-1619,ORD-2619,Standard,155
SHIP-1620,ORD-2620,Standard,357
SHIP-1621,ORD-2621,Standard,80
SHIP-1622,ORD-2622,Express,439
SHIP-1623,ORD-2623,Express,374
SHIP-1624,ORD-2624,Standard,481
SHIP-1625,ORD-2625,Express,477
SHIP-1626,ORD-2626,Standard,117
SHIP-1627,ORD-2627,Standard,319
SHIP-1628,ORD-2628,Express,490
SHIP-1629,ORD-2629,Express,92
SHIP-1630,ORD-2630,Express,321
SHIP-1631,ORD-2631,Express,229
SHIP-1632,ORD-2632,Express,160
SHIP-1633,ORD-2633,Standard,328
SHIP-1634,ORD-2634,Standard,425
SHIP-1635,ORD-2635,Express,320
SHIP-1636,ORD-2636,Standard,389
SHIP-1637,ORD-2637,Express,468
SHIP-1638,ORD-2638,Express,446
SHIP-1639,ORD-2639,Express,449
SHIP-1640,ORD-2640,Express,76
SHIP-1641,ORD-2641,Standard,401
SHIP-1642,ORD-2642,Express,216
SHIP-1643,ORD-2643,Express,222
SHIP-1644,ORD-2644,Express,365
SHIP-1645,ORD-2645,Standard,306
SHIP-1646,ORD-2646,Express,174
SHIP-1647,ORD-2647,Standard,473
SHIP-1648,ORD-2648,Express,253
SHIP-1649,ORD-2649,Standard,138
SHIP-1650,ORD-2650,Express,196
SHIP-1651,ORD-2651,Express,270
SHIP-1652,ORD-2652,Standard,128
SHIP-1653,ORD-2653,Express,78
SHIP-1654,ORD-2654,Express,206
SHIP-1655,ORD-2655,Standard,483
SHIP-1656,ORD-2656,Standard,324
SHIP-1657,ORD-2657,Standard,93
SHIP-1658,ORD-2658,Standard,366
SHIP-1659,ORD-2659,Standard,417
SHIP-1660,ORD-2660,Express,315
SHIP-1661,ORD-2661,Express,352
SHIP-1662,ORD-2662,Standard,329
SHIP-1663,ORD-2663,Express,475
SHIP-1664,ORD-2664,Standard,470
SHIP-1665,ORD-2665,Express,110
SHIP-1666,ORD-2666,Express,328
SHIP-1667,ORD-2667,Express,82
SHIP-1668,ORD-2668,Standard,419
SHIP-1669,ORD-2669,Express,394
SHIP-1670,ORD-2670,Standard,332
SHIP-1671,ORD-2671,Standard,353
SHIP-1672,ORD-2672,Express,471
SHIP-1673,ORD-2673,Standard,385
SHIP-1674,ORD-2674,Express,247
SHIP-1675,ORD-2675,Express,280
SHIP-1676,ORD-2676,Standard,345
SHIP-1677,ORD-2677,Standard,146
SHIP-1678,ORD-2678,Express,204
SHIP-1679,ORD-2679,Standard,206
SHIP-1680,ORD-2680,Standard,441
SHIP-1681,ORD-2681,Express,404
SHIP-1682,ORD-2682,Express,166
SHIP-1683,ORD-2683,Standard,119
SHIP-1684,ORD-2684,Express,371
SHIP-1685,ORD-2685,Standard,388
SHIP-1686,ORD-2686,Standard,128
SHIP-1687,ORD-2687,Standard,210
SHIP-1688,ORD-2688,Standard,64
SHIP-1689,ORD-2689,Standard,144
SHIP-1690,ORD-2690,Express,59
SHIP-1691,ORD-2691,Express,134
SHIP-1692,ORD-2692,Express,438
SHIP-1693,ORD-2693,Express,227
SHIP-1694,ORD-2694,Express,91
SHIP-1695,ORD-2695,Standard,143
SHIP-1696,ORD-2696,Express,72
SHIP-1697,ORD-2697,Standard,170
SHIP-1698,ORD-2698,Express,440
SHIP-1699,ORD-2699,Express,112
SHIP-1700,ORD-2700,Standard,283
SHIP-1701,ORD-2701,Express,83
SHIP-1702,ORD-2702,Express,93
SHIP-1703,ORD-2703,Standard,54
SHIP-1704,ORD-2704,Express,228
SHIP-1705,ORD-2705,Standard,306
SHIP-1706,ORD-2706,Express,121
SHIP-1707,ORD-2707,Express,271
SHIP-1708,ORD-2708,Express,169
SHIP-1709,ORD-2709,Express,446
SHIP-1710,ORD-2710,Standard,370
SHIP-1711,ORD-2711,Express,371
SHIP-1712,ORD-2712,Standard,486
SHIP-1713,ORD-2713,Standard,446
SHIP-1714,ORD-2714,Standard,213
SHIP-1715,ORD-2715,Express,352
SHIP-1716,ORD-2716,Standard,466
SHIP-1717,ORD-2717,Standard,268
SHIP-1718,ORD-2718,Express,84
SHIP-1719,ORD-2719,Standard,55
SHIP-1720,ORD-2720,Express,460
SHIP-1721,ORD-2721,Standard,81
SHIP-1722,ORD-2722,Standard,488
SHIP-1723,ORD-2723,Express,229
SHIP-1724,ORD-2724,Standard,89
SHIP-1725,ORD-2725,Standard,459
SHIP-1726,ORD-2726,Express,428
SHIP-1727,ORD-2727,Standard,250
SHIP-1728,ORD-2728,Express,346
SHIP-1729,ORD-2729,Express,156
SHIP-1730,ORD-2730,Standard,498
SHIP-1731,ORD-2731,Express,494
SHIP-1732,ORD-2732,Express,433
SHIP-1733,ORD-2733,Standard,239
SHIP-1734,ORD-2734,Standard,290
SHIP-1735,ORD-2735,Standard,376
SHIP-1736,ORD-2736,Standard,56
SHIP-1737,ORD-2737,Standard,210
SHIP-1738,ORD-2738,Standard,263
SHIP-1739,ORD-2739,Express,346
SHIP-1740,ORD-2740,Standard,201
SHIP-1741,ORD-2741,Express,302
SHIP-1742,ORD-2742,Express,496
SHIP-1743,ORD-2743,Standard,134
SHIP-1744,ORD-2744,Express,428
SHIP-1745,ORD-2745,Standard,495
SHIP-1746,ORD-2746,Express,436
SHIP-1747,ORD-2747,Express,129
SHIP-1748,ORD-2748,Express,317
SHIP-1749,ORD-2749,Standard,93
SHIP-1750,ORD-2750,Standard,349
SHIP-1751,ORD-2751,Express,86
SHIP-1752,ORD-2752,Standard,468
SHIP-1753,ORD-2753,Standard,222
SHIP-1754,ORD-2754,Express,110
SHIP-1755,ORD-2755,Standard,372
SHIP-1756,ORD-2756,Express,167
SHIP-1757,ORD-2757,Standard,475
SHIP-1758,ORD-2758,Standard,168
SHIP-1759,ORD-2759,Standard,470
SHIP-1760,ORD-2760,Standard,410
SHIP-1761,ORD-2761,Standard,134
SHIP-1762,ORD-2762,Express,381
SHIP-1763,ORD-2763,Standard,222
SHIP-1764,ORD-2764,Standard,73
SHIP-1765,ORD-2765,Standard,459
SHIP-1766,ORD-2766,Express,360
SHIP-1767,ORD-2767,Express,305
SHIP-1768,ORD-2768,Express,213
SHIP-1769,ORD-2769,Standard,124
SHIP-1770,ORD-2770,Express,186
SHIP-1771,ORD-2771,Standard,498
SHIP-1772,ORD-2772,Express,172
SHIP-1773,ORD-2773,Express,305
SHIP-1774,ORD-2774,Standard,347
SHIP-1775,ORD-2775,Express,165
SHIP-1776,ORD-2776,Standard,183
SHIP-1777,ORD-2777,Standard,308
SHIP-1778,ORD-2778,Express,100
SHIP-1779,ORD-2779,Express,314
SHIP-1780,ORD-2780,Express,88
SHIP-1781,ORD-2781,Express,62
SHIP-1782,ORD-2782,Express,437
SHIP-1783,ORD-2783,Express,434
SHIP-1784,ORD-2784,Express,226
SHIP-1785,ORD-2785,Standard,440
SHIP-1786,ORD-2786,Standard,261
SHIP-1787,ORD-2787,Standard,229
SHIP-1788,ORD-2788,Standard,198
SHIP-1789,ORD-2789,Standard,486
SHIP-1790,ORD-2790,Express,54
SHIP-1791,ORD-2791,Standard,407
SHIP-1792,ORD-2792,Standard,295
SHIP-1793,ORD-2793,Standard,340
SHIP-1794,ORD-2794,Standard,347
SHIP-1795,ORD-2795,Express,389
SHIP-1796,ORD-2796,Express,205
SHIP-1797,ORD-2797,Express,268
SHIP-1798,ORD-2798,Express,498
SHIP-1799,ORD-2799,Express,445
SHIP-1800,ORD-2800,Standard,456
SHIP-1801,ORD-2801,Express,296
SHIP-1802,ORD-2802,Express,244
SHIP-1803,ORD-2803,Standard,75
SHIP-1804,ORD-2804,Standard,170
SHIP-1805,ORD-2805,Express,115
SHIP-1806,ORD-2806,Express,394
SHIP-1807,ORD-2807,Express,493
SHIP-1808,ORD-2808,Express,465
SHIP-1809,ORD-2809,Standard,484
SHIP-1810,ORD-2810,Express,429
SHIP-1811,ORD-2811,Standard,496
SHIP-1812,ORD-2812,Standard,227
SHIP-1813,ORD-2813,Standard,75
SHIP-1814,ORD-2814,Standard,365
SHIP-1815,ORD-2815,Express,376
SHIP-1816,ORD-2816,Standard,414
SHIP-1817,ORD-2817,Express,214
SHIP-1818,ORD-2818,Standard,129
SHIP-1819,ORD-2819,Express,477
SHIP-1820,ORD-2820,Express,379
SHIP-1821,ORD-2821,Standard,167
SHIP-1822,ORD-2822,Standard,364
SHIP-1823,ORD-2823,Express,231
SHIP-1824,ORD-2824,Express,356
SHIP-1825,ORD-2825,Express,428
SHIP-1826,ORD-2826,Express,454
SHIP-1827,ORD-2827,Standard,81
SHIP-1828,ORD-2828,Standard,298
SHIP-1829,ORD-2829,Express,248
SHIP-1830,ORD-2830,Standard,397
SHIP-1831,ORD-2831,Standard,477
SHIP-1832,ORD-2832,Express,164
SHIP-1833,ORD-2833,Express,273
SHIP-1834,ORD-2834,Standard,393
SHIP-1835,ORD-2835,Express,287
SHIP-1836,ORD-2836,Express,211
SHIP-1837,ORD-2837,Express,86
SHIP-1838,ORD-2838,Express,114
SHIP-1839,ORD-2839,Standard,105
SHIP-1840,ORD-2840,Standard,175
SHIP-1841,ORD-2841,Standard,249
SHIP-1842,ORD-2842,Express,495
SHIP-1843,ORD-2843,Express,149
SHIP-1844,ORD-2844,Express,445
SHIP-1845,ORD-2845,Standard,386
SHIP-1846,ORD-2846,Standard,377
SHIP-1847,ORD-2847,Express,86
SHIP-1848,ORD-2848,Standard,169
SHIP-1849,ORD-2849,Standard,79
SHIP-1850,ORD-2850,Standard,429
SHIP-1851,ORD-2851,Standard,312
SHIP-1852,ORD-2852,Standard,348
SHIP-1853,ORD-2853,Standard,54
SHIP-1854,ORD-2854,Express,487
SHIP-1855,ORD-2855,Express,427
SHIP-1856,ORD-2856,Standard,175
SHIP-1857,ORD-2857,Standard,241
SHIP-1858,ORD-2858,Express,353
SHIP-1859,ORD-2859,Express,360
SHIP-1860,ORD-2860,Standard,286
SHIP-1861,ORD-2861,Express,389
SHIP-1862,ORD-2862,Express,463
SHIP-1863,ORD-2863,Standard,237
SHIP-1864,ORD-2864,Standard,373
SHIP-1865,ORD-2865,Express,162
SHIP-1866,ORD-2866,Standard,225
SHIP-1867,ORD-2867,Standard,219
SHIP-1868,ORD-2868,Standard,478
SHIP-1869,ORD-2869,Standard,111
SHIP-1870,ORD-2870,Express,339
SHIP-1871,ORD-2871,Express,466
SHIP-1872,ORD-2872,Express,174
SHIP-1873,ORD-2873,Express,71
SHIP-1874,ORD-2874,Standard,378
SHIP-1875,ORD-2875,Express,234
SHIP-1876,ORD-2876,Standard,336
SHIP-1877,ORD-2877,Standard,203
SHIP-1878,ORD-2878,Standard,337
SHIP-1879,ORD-2879,Standard,320
SHIP-1880,ORD-2880,Standard,430
SHIP-1881,ORD-2881,Express,351
SHIP-1882,ORD-2882,Express,288
SHIP-1883,ORD-2883,Express,388
SHIP-1884,ORD-2884,Express,192
SHIP-1885,ORD-2885,Standard,263
SHIP-1886,ORD-2886,Standard,178
SHIP-1887,ORD-2887,Standard,304
SHIP-1888,ORD-2888,Standard,332
SHIP-1889,ORD-2889,Express,117
SHIP-1890,ORD-2890,Standard,464
SHIP-1891,ORD-2891,Express,227
SHIP-1892,ORD-2892,Express,207
SHIP-1893,ORD-2893,Express,455
SHIP-1894,ORD-2894,Standard,461
SHIP-1895,ORD-2895,Express,137
SHIP-1896,ORD-2896,Express,257
SHIP-1897,ORD-2897,Express,231
SHIP-1898,ORD-2898,Standard,174
SHIP-1899,ORD-2899,Standard,376
SHIP-1900,ORD-2900,Express,273
SHIP-1901,ORD-2901,Standard,297
SHIP-1902,ORD-2902,Standard,326
SHIP-1903,ORD-2903,Standard,147
SHIP-1904,ORD-2904,Express,458
SHIP-1905,ORD-2905,Standard,156
SHIP-1906,ORD-2906,Standard,493
SHIP-1907,ORD-2907,Express,411
SHIP-1908,ORD-2908,Standard,451
SHIP-1909,ORD-2909,Express,202
SHIP-1910,ORD-2910,Express,479
SHIP-1911,ORD-2911,Express,404
SHIP-1912,ORD-2912,Standard,474
SHIP-1913,ORD-2913,Express,120
SHIP-1914,ORD-2914,Standard,498
SHIP-1915,ORD-2915,Standard,186
SHIP-1916,ORD-2916,Standard,304
SHIP-1917,ORD-2917,Standard,263
SHIP-1918,ORD-2918,Express,442
SHIP-1919,ORD-2919,Standard,283
SHIP-1920,ORD-2920,Express,232
SHIP-1921,ORD-2921,Standard,235
SHIP-1922,ORD-2922,Express,207
SHIP-1923,ORD-2923,Express,333
SHIP-1924,ORD-2924,Express,120
SHIP-1925,ORD-2925,Standard,98
SHIP-1926,ORD-2926,Express,334
SHIP-1927,ORD-2927,Standard,115
SHIP-1928,ORD-2928,Express,209
SHIP-1929,ORD-2929,Standard,261
SHIP-1930,ORD-2930,Express,387
SHIP-1931,ORD-2931,Express,279
SHIP-1932,ORD-2932,Express,406
SHIP-1933,ORD-2933,Express,400
SHIP-1934,ORD-2934,Express,437
SHIP-1935,ORD-2935,Standard,458
SHIP-1936,ORD-2936,Standard,90
SHIP-1937,ORD-2937,Express,69
SHIP-1938,ORD-2938,Express,250
SHIP-1939,ORD-2939,Standard,264
SHIP-1940,ORD-2940,Standard,421
SHIP-1941,ORD-2941,Express,130
SHIP-1942,ORD-2942,Express,131
SHIP-1943,ORD-2943,Standard,368
SHIP-1944,ORD-2944,Standard,260
SHIP-1945,ORD-2945,Standard,364
SHIP-1946,ORD-2946,Standard,361
SHIP-1947,ORD-2947,Express,118
SHIP-1948,ORD-2948,Standard,95
SHIP-1949,ORD-2949,Express,257
SHIP-1950,ORD-2950,Express,432
SHIP-1951,ORD-2951,Express,476
SHIP-1952,ORD-2952,Express,56
SHIP-1953,ORD-2953,Standard,278
SHIP-1954,ORD-2954,Standard,178
SHIP-1955,ORD-2955,Standard,345
SHIP-1956,ORD-2956,Standard,50
SHIP-1957,ORD-2957,Express,195
SHIP-1958,ORD-2958,Standard,341
SHIP-1959,ORD-2959,Standard,176
SHIP-1960,ORD-2960,Standard,73
SHIP-1961,ORD-2961,Standard,63
SHIP-1962,ORD-2962,Standard,141
SHIP-1963,ORD-2963,Express,470
SHIP-1964,ORD-2964,Standard,261
SHIP-1965,ORD-2965,Express,375
SHIP-1966,ORD-2966,Standard,369
SHIP-1967,ORD-2967,Express,127
SHIP-1968,ORD-2968,Express,345
SHIP-1969,ORD-2969,Express,447
SHIP-1970,ORD-2970,Standard,182
SHIP-1971,ORD-2971,Express,64
SHIP-1972,ORD-2972,Standard,496
SHIP-1973,ORD-2973,Standard,160
SHIP-1974,ORD-2974,Express,320
SHIP-1975,ORD-2975,Standard,79
SHIP-1976,ORD-2976,Express,77
SHIP-1977,ORD-2977,Standard,391
SHIP-1978,ORD-2978,Express,133
SHIP-1979,ORD-2979,Express,79
SHIP-1980,ORD-2980,Express,308
SHIP-1981,ORD-2981,Standard,244
SHIP-1982,ORD-2982,Standard,59
SHIP-1983,ORD-2983,Standard,120
SHIP-1984,ORD-2984,Standard,104
SHIP-1985,ORD-2985,Express,383
SHIP-1986,ORD-2986,Express,320
SHIP-1987,ORD-2987,Express,103
SHIP-1988,ORD-2988,Express,257
SHIP-1989,ORD-2989,Standard,168
SHIP-1990,ORD-2990,Standard,281
SHIP-1991,ORD-2991,Standard,424
SHIP-1992,ORD-2992,Standard,360
SHIP-1993,ORD-2993,Express,65
SHIP-1994,ORD-2994,Express,281
SHIP-1995,ORD-2995,Express,479
SHIP-1996,ORD-2996,Express,138
SHIP-1997,ORD-2997,Express,326
SHIP-1998,ORD-2998,Standard,195
SHIP-1999,ORD-2999,Standard,311
SHIP-2000,ORD-3000,Express,395
